#include,group,subgroup,name,bys,id,geoType,hasState,singleValuedDimensionIds,sexId,ageId,regionDimensionId,series,regionType,measureWhitelist,measureTotalValueIds,measureSelectedInitially,description,#,#works?,#dataflow url,#notes,#XML url
FALSE,Person,Characteristics,Selected Person Characteristics,,ABS_CENSUS2011_B01,SAx,TRUE,['SPC'],MEASURE,AGE,,B,,,,,,,FALSE,http://stat.data.abs.gov.au/sdmx-json/dataflow/ABS_CENSUS2011_B01,Not included because the characteristics are all available elsewhere.,http://stat.data.abs.gov.au/restsdmx/sdmx.ashx/GetDataStructure/ABS_CENSUS2011_B01
FALSE,Person,Characteristics,Selected Person Characteristics,,ABS_CENSUS2011_B01_LGA,LGA2011,TRUE,['SPC'],MEASURE,AGE,,B,,,,,,,FALSE,http://stat.data.abs.gov.au/sdmx-json/dataflow/ABS_CENSUS2011_B01_LGA,,http://stat.data.abs.gov.au/restsdmx/sdmx.ashx/GetDataStructure/ABS_CENSUS2011_B01_LGA
FALSE,Person,Characteristics,Selected Person Characteristics,,ABS_CENSUS2011_B01_SA1_SA,SA1_SA,TRUE,['SPC'],MEASURE,AGE,,B,,,,,,,FALSE,http://stat.data.abs.gov.au/sdmx-json/dataflow/ABS_CENSUS2011_B01_SA1_SA,,http://stat.data.abs.gov.au/restsdmx/sdmx.ashx/GetDataStructure/ABS_CENSUS2011_B01_SA1_SA
TRUE,Person,Income,Median Income,,ABS_CENSUS2011_B02,SAx,TRUE,['MEASURE'],,AGE,,B,,"['MTPI','MTFI','MTHI']",,,,,TRUE,http://stat.data.abs.gov.au/sdmx-json/dataflow/ABS_CENSUS2011_B02,"Same dataset, different whitelist - to split into income, household rent & size, and age",http://stat.data.abs.gov.au/restsdmx/sdmx.ashx/GetDataStructure/ABS_CENSUS2011_B02
TRUE,Person,Income,Median Income,,ABS_CENSUS2011_B02_LGA,LGA2011,TRUE,['MEASURE'],,AGE,,B,,"['MTPI','MTFI','MTHI']",,,,,TRUE,http://stat.data.abs.gov.au/sdmx-json/dataflow/ABS_CENSUS2011_B02_LGA,,http://stat.data.abs.gov.au/restsdmx/sdmx.ashx/GetDataStructure/ABS_CENSUS2011_B02_LGA
TRUE,Person,Income,Median Income,,ABS_CENSUS2011_B02_SA1_SA,SA1_SA,TRUE,['MEASURE'],,AGE,,B,,"['MTPI','MTFI','MTHI']",,,,,TRUE,http://stat.data.abs.gov.au/sdmx-json/dataflow/ABS_CENSUS2011_B02_SA1_SA,,http://stat.data.abs.gov.au/restsdmx/sdmx.ashx/GetDataStructure/ABS_CENSUS2011_B02_SA1_SA
TRUE,Household,,Median Mortgage and Rent,,ABS_CENSUS2011_B02,SAx,TRUE,['MEASURE'],,AGE,,B,,"['MMORT','MRENT']",,,,,TRUE,http://stat.data.abs.gov.au/sdmx-json/dataflow/ABS_CENSUS2011_B02,"Same dataset, different whitelist - to split into income, household rent & size, and age",http://stat.data.abs.gov.au/restsdmx/sdmx.ashx/GetDataStructure/ABS_CENSUS2011_B02
TRUE,Household,,Median Mortgage and Rent,,ABS_CENSUS2011_B02_LGA,LGA2011,TRUE,['MEASURE'],,AGE,,B,,"['MMORT','MRENT']",,,,,TRUE,http://stat.data.abs.gov.au/sdmx-json/dataflow/ABS_CENSUS2011_B02_LGA,,http://stat.data.abs.gov.au/restsdmx/sdmx.ashx/GetDataStructure/ABS_CENSUS2011_B02_LGA
TRUE,Household,,Median Mortgage and Rent,,ABS_CENSUS2011_B02_SA1_SA,SA1_SA,TRUE,['MEASURE'],,AGE,,B,,"['MMORT','MRENT']",,,,,TRUE,http://stat.data.abs.gov.au/sdmx-json/dataflow/ABS_CENSUS2011_B02_SA1_SA,,http://stat.data.abs.gov.au/restsdmx/sdmx.ashx/GetDataStructure/ABS_CENSUS2011_B02_SA1_SA
TRUE,Household,,Average Household Size,,ABS_CENSUS2011_B02,SAx,TRUE,['MEASURE'],,AGE,,B,,"['AHS','APPB']",,,,,TRUE,http://stat.data.abs.gov.au/sdmx-json/dataflow/ABS_CENSUS2011_B02,"Same dataset, different whitelist - to split into income, household rent & size, and age",http://stat.data.abs.gov.au/restsdmx/sdmx.ashx/GetDataStructure/ABS_CENSUS2011_B02
TRUE,Household,,Average Household Size,,ABS_CENSUS2011_B02_LGA,LGA2011,TRUE,['MEASURE'],,AGE,,B,,"['AHS','APPB']",,,,,TRUE,http://stat.data.abs.gov.au/sdmx-json/dataflow/ABS_CENSUS2011_B02_LGA,,http://stat.data.abs.gov.au/restsdmx/sdmx.ashx/GetDataStructure/ABS_CENSUS2011_B02_LGA
TRUE,Household,,Average Household Size,,ABS_CENSUS2011_B02_SA1_SA,SA1_SA,TRUE,['MEASURE'],,AGE,,B,,"['AHS','APPB']",,,,,TRUE,http://stat.data.abs.gov.au/sdmx-json/dataflow/ABS_CENSUS2011_B02_SA1_SA,,http://stat.data.abs.gov.au/restsdmx/sdmx.ashx/GetDataStructure/ABS_CENSUS2011_B02_SA1_SA
TRUE,Person,Age,Median Age,,ABS_CENSUS2011_B02,SAx,TRUE,['MEASURE'],,AGE,,B,,['MAGE'],,,,,TRUE,http://stat.data.abs.gov.au/sdmx-json/dataflow/ABS_CENSUS2011_B02,"Same dataset, different whitelist - to split into income, household rent & size, and age",http://stat.data.abs.gov.au/restsdmx/sdmx.ashx/GetDataStructure/ABS_CENSUS2011_B02
TRUE,Person,Age,Median Age,,ABS_CENSUS2011_B02_LGA,LGA2011,TRUE,['MEASURE'],,AGE,,B,,['MAGE'],,,,,TRUE,http://stat.data.abs.gov.au/sdmx-json/dataflow/ABS_CENSUS2011_B02_LGA,,http://stat.data.abs.gov.au/restsdmx/sdmx.ashx/GetDataStructure/ABS_CENSUS2011_B02_LGA
TRUE,Person,Age,Median Age,,ABS_CENSUS2011_B02_SA1_SA,SA1_SA,TRUE,['MEASURE'],,AGE,,B,,['MAGE'],,,,,TRUE,http://stat.data.abs.gov.au/sdmx-json/dataflow/ABS_CENSUS2011_B02_SA1_SA,,http://stat.data.abs.gov.au/restsdmx/sdmx.ashx/GetDataStructure/ABS_CENSUS2011_B02_SA1_SA
TRUE,Person,Residence,Place of Residence on Census Night,by Age,ABS_CENSUS2011_B03,SAx,TRUE,,,MEASURE,,B,,,,,"This table counts persons where they were staying on Census Night. It also shows the number of persons who were visiting away from their usual residence on Census Night.",,TRUE,http://stat.data.abs.gov.au/sdmx-json/dataflow/ABS_CENSUS2011_B03,"The ABS name ""Place of Usual Residence on Census Night"" is misleading, as it is specifically not that - it shows the place where people were on Census night, not their usual residence. Describes itself as by sex, actually by age.",http://stat.data.abs.gov.au/restsdmx/sdmx.ashx/GetDataStructure/ABS_CENSUS2011_B03
TRUE,Person,Residence,Place of Residence on Census Night,by Age,ABS_CENSUS2011_B03_LGA,LGA2011,TRUE,,,MEASURE,,B,,,,,"This table counts persons where they were staying on Census Night. It also shows the number of persons who were visiting away from their usual residence on Census Night.",,TRUE,http://stat.data.abs.gov.au/sdmx-json/dataflow/ABS_CENSUS2011_B03_LGA,Needs hierarchical variables to be meaningful. Currently hard to understand in NationalMap.,http://stat.data.abs.gov.au/restsdmx/sdmx.ashx/GetDataStructure/ABS_CENSUS2011_B03_LGA
TRUE,Person,Residence,Place of Residence on Census Night,by Age,ABS_CENSUS2011_B03_SA1_SA,SA1_SA,TRUE,,,MEASURE,,B,,,,,"This table counts persons where they were staying on Census Night. It also shows the number of persons who were visiting away from their usual residence on Census Night.",,TRUE,http://stat.data.abs.gov.au/sdmx-json/dataflow/ABS_CENSUS2011_B03_SA1_SA,"The ""Place of Usual Residence"" dimension is hard to understand without a hierarchy. But Hugh agrees the SDMX (XML) hierarchy is wrong - 2_11 should be the parent, not 2_0.",http://stat.data.abs.gov.au/restsdmx/sdmx.ashx/GetDataStructure/ABS_CENSUS2011_B03_SA1_SA
TRUE,Person,Age,Age,by Sex,ABS_CENSUS2011_B04,SAx,TRUE,,MEASURE,AGE,,B,,,,,,,TRUE,http://stat.data.abs.gov.au/sdmx-json/dataflow/ABS_CENSUS2011_B04,,http://stat.data.abs.gov.au/restsdmx/sdmx.ashx/GetDataStructure/ABS_CENSUS2011_B04
TRUE,Person,Age,Age,by Sex,ABS_CENSUS2011_B04_LGA,LGA2011,TRUE,,MEASURE,AGE,,B,,,,,,,TRUE,http://stat.data.abs.gov.au/sdmx-json/dataflow/ABS_CENSUS2011_B04_LGA,,http://stat.data.abs.gov.au/restsdmx/sdmx.ashx/GetDataStructure/ABS_CENSUS2011_B04_LGA
TRUE,Person,Age,Age,by Sex,ABS_CENSUS2011_B04_SA1_SA,SA1_SA,TRUE,,MEASURE,AGE,,B,,,,,,,TRUE,http://stat.data.abs.gov.au/sdmx-json/dataflow/ABS_CENSUS2011_B04_SA1_SA,,http://stat.data.abs.gov.au/restsdmx/sdmx.ashx/GetDataStructure/ABS_CENSUS2011_B04_SA1_SA
TRUE,Person,Marital Status,Registered Marital Status,by Age by Sex,ABS_CENSUS2011_B05,SAx,TRUE,,MEASURE,AGE,,B,,,,,,,TRUE,http://stat.data.abs.gov.au/sdmx-json/dataflow/ABS_CENSUS2011_B05,,http://stat.data.abs.gov.au/restsdmx/sdmx.ashx/GetDataStructure/ABS_CENSUS2011_B05
TRUE,Person,Marital Status,Registered Marital Status,by Age by Sex,ABS_CENSUS2011_B05_LGA,LGA2011,TRUE,,MEASURE,AGE,,B,,,,,,,TRUE,http://stat.data.abs.gov.au/sdmx-json/dataflow/ABS_CENSUS2011_B05_LGA,,http://stat.data.abs.gov.au/restsdmx/sdmx.ashx/GetDataStructure/ABS_CENSUS2011_B05_LGA
TRUE,Person,Marital Status,Registered Marital Status,by Age by Sex,ABS_CENSUS2011_B05_SA1_SA,SA1_SA,TRUE,,MEASURE,AGE,,B,,,,,,,TRUE,http://stat.data.abs.gov.au/sdmx-json/dataflow/ABS_CENSUS2011_B05_SA1_SA,,http://stat.data.abs.gov.au/restsdmx/sdmx.ashx/GetDataStructure/ABS_CENSUS2011_B05_SA1_SA
TRUE,Person,Marital Status,Social Marital Status,by Age by Sex,ABS_CENSUS2011_B06,SAx,TRUE,,MEASURE,AGE,,B,,,,,,,TRUE,http://stat.data.abs.gov.au/sdmx-json/dataflow/ABS_CENSUS2011_B06,,http://stat.data.abs.gov.au/restsdmx/sdmx.ashx/GetDataStructure/ABS_CENSUS2011_B06
TRUE,Person,Marital Status,Social Marital Status,by Age by Sex,ABS_CENSUS2011_B06_LGA,LGA2011,TRUE,,MEASURE,AGE,,B,,,,,,,TRUE,http://stat.data.abs.gov.au/sdmx-json/dataflow/ABS_CENSUS2011_B06_LGA,,http://stat.data.abs.gov.au/restsdmx/sdmx.ashx/GetDataStructure/ABS_CENSUS2011_B06_LGA
TRUE,Person,Marital Status,Social Marital Status,by Age by Sex,ABS_CENSUS2011_B06_SA1_SA,SA1_SA,TRUE,,MEASURE,AGE,,B,,,,,,,TRUE,http://stat.data.abs.gov.au/sdmx-json/dataflow/ABS_CENSUS2011_B06_SA1_SA,,http://stat.data.abs.gov.au/restsdmx/sdmx.ashx/GetDataStructure/ABS_CENSUS2011_B06_SA1_SA
TRUE,Person,,Indigenous Status,by Age by Sex,ABS_CENSUS2011_B07,SAx,TRUE,,MEASURE,AGE,,B,,,,,,,TRUE,http://stat.data.abs.gov.au/sdmx-json/dataflow/ABS_CENSUS2011_B07,,http://stat.data.abs.gov.au/restsdmx/sdmx.ashx/GetDataStructure/ABS_CENSUS2011_B07
TRUE,Person,,Indigenous Status,by Age by Sex,ABS_CENSUS2011_B07_LGA,LGA2011,TRUE,,MEASURE,AGE,,B,,,,,,,TRUE,http://stat.data.abs.gov.au/sdmx-json/dataflow/ABS_CENSUS2011_B07_LGA,,http://stat.data.abs.gov.au/restsdmx/sdmx.ashx/GetDataStructure/ABS_CENSUS2011_B07_LGA
TRUE,Person,,Indigenous Status,by Age by Sex,ABS_CENSUS2011_B07_SA1_SA,SA1_SA,TRUE,,MEASURE,AGE,,B,,,,,,,TRUE,http://stat.data.abs.gov.au/sdmx-json/dataflow/ABS_CENSUS2011_B07_SA1_SA,,http://stat.data.abs.gov.au/restsdmx/sdmx.ashx/GetDataStructure/ABS_CENSUS2011_B07_SA1_SA
TRUE,Person,Background,Ancestry,by Birthplace of Parents,ABS_CENSUS2011_B08,SAx,TRUE,,,AGE,,B,,,,,,,TRUE,http://stat.data.abs.gov.au/sdmx-json/dataflow/ABS_CENSUS2011_B08,"Has ""Total responses(c)"" - with no explanation of footnote (c).",http://stat.data.abs.gov.au/restsdmx/sdmx.ashx/GetDataStructure/ABS_CENSUS2011_B08
TRUE,Person,Background,Ancestry,by Birthplace of Parents,ABS_CENSUS2011_B08_LGA,LGA2011,TRUE,,,AGE,,B,,,,,,,TRUE,http://stat.data.abs.gov.au/sdmx-json/dataflow/ABS_CENSUS2011_B08_LGA,,http://stat.data.abs.gov.au/restsdmx/sdmx.ashx/GetDataStructure/ABS_CENSUS2011_B08_LGA
TRUE,Person,Background,Ancestry,by Birthplace of Parents,ABS_CENSUS2011_B08_SA1_SA,SA1_SA,TRUE,,,AGE,,B,,,,,,,TRUE,http://stat.data.abs.gov.au/sdmx-json/dataflow/ABS_CENSUS2011_B08_SA1_SA,,http://stat.data.abs.gov.au/restsdmx/sdmx.ashx/GetDataStructure/ABS_CENSUS2011_B08_SA1_SA
TRUE,Person,Background,Country of Birth,by Sex,ABS_CENSUS2011_B09,SAx,TRUE,,MEASURE,AGE,,B,,,,,,,TRUE,http://stat.data.abs.gov.au/sdmx-json/dataflow/ABS_CENSUS2011_B09,,http://stat.data.abs.gov.au/restsdmx/sdmx.ashx/GetDataStructure/ABS_CENSUS2011_B09
TRUE,Person,Background,Country of Birth,by Sex,ABS_CENSUS2011_B09_LGA,LGA2011,TRUE,,MEASURE,AGE,,B,,,,,,,TRUE,http://stat.data.abs.gov.au/sdmx-json/dataflow/ABS_CENSUS2011_B09_LGA,,http://stat.data.abs.gov.au/restsdmx/sdmx.ashx/GetDataStructure/ABS_CENSUS2011_B09_LGA
TRUE,Person,Background,Country of Birth,by Sex,ABS_CENSUS2011_B09_SA1_SA,SA1_SA,TRUE,,MEASURE,AGE,,B,,,,,,,TRUE,http://stat.data.abs.gov.au/sdmx-json/dataflow/ABS_CENSUS2011_B09_SA1_SA,,http://stat.data.abs.gov.au/restsdmx/sdmx.ashx/GetDataStructure/ABS_CENSUS2011_B09_SA1_SA
TRUE,Person,Background,Country of Birth,by Year of Arrival in Australia,ABS_CENSUS2011_B10,SAx,TRUE,,,AGE,,B,,,,,,,TRUE,http://stat.data.abs.gov.au/sdmx-json/dataflow/ABS_CENSUS2011_B10,,http://stat.data.abs.gov.au/restsdmx/sdmx.ashx/GetDataStructure/ABS_CENSUS2011_B10
TRUE,Person,Background,Country of Birth,by Year of Arrival in Australia,ABS_CENSUS2011_B10_LGA,LGA2011,TRUE,,,AGE,,B,,,,,,,TRUE,http://stat.data.abs.gov.au/sdmx-json/dataflow/ABS_CENSUS2011_B10_LGA,,http://stat.data.abs.gov.au/restsdmx/sdmx.ashx/GetDataStructure/ABS_CENSUS2011_B10_LGA
TRUE,Person,Background,Country of Birth,by Year of Arrival in Australia,ABS_CENSUS2011_B10_SA1_SA,SA1_SA,TRUE,,,AGE,,B,,,,,,,TRUE,http://stat.data.abs.gov.au/sdmx-json/dataflow/ABS_CENSUS2011_B10_SA1_SA,,http://stat.data.abs.gov.au/restsdmx/sdmx.ashx/GetDataStructure/ABS_CENSUS2011_B10_SA1_SA
TRUE,Person,Background,Proficiency in Spoken English/Language,by Year of Arrival in Australia by Sex,ABS_CENSUS2011_B11,SAx,TRUE,,MEASURE,AGE,,B,,,,,,,TRUE,http://stat.data.abs.gov.au/sdmx-json/dataflow/ABS_CENSUS2011_B11,,http://stat.data.abs.gov.au/restsdmx/sdmx.ashx/GetDataStructure/ABS_CENSUS2011_B11
TRUE,Person,Background,Proficiency in Spoken English/Language,by Year of Arrival in Australia by Sex,ABS_CENSUS2011_B11_LGA,LGA2011,TRUE,,MEASURE,AGE,,B,,,,,,,TRUE,http://stat.data.abs.gov.au/sdmx-json/dataflow/ABS_CENSUS2011_B11_LGA,,http://stat.data.abs.gov.au/restsdmx/sdmx.ashx/GetDataStructure/ABS_CENSUS2011_B11_LGA
TRUE,Person,Background,Proficiency in Spoken English/Language,by Year of Arrival in Australia by Sex,ABS_CENSUS2011_B11_SA1_SA,SA1_SA,TRUE,,MEASURE,AGE,,B,,,,,,,TRUE,http://stat.data.abs.gov.au/sdmx-json/dataflow/ABS_CENSUS2011_B11_SA1_SA,,http://stat.data.abs.gov.au/restsdmx/sdmx.ashx/GetDataStructure/ABS_CENSUS2011_B11_SA1_SA
TRUE,Person,Background,Proficiency in Spoken English/Language of Parents,by Age of Dependent Children,ABS_CENSUS2011_B12,SAx,TRUE,,,AGE,,B,,,['8'],,,,TRUE,http://stat.data.abs.gov.au/sdmx-json/dataflow/ABS_CENSUS2011_B12,,http://stat.data.abs.gov.au/restsdmx/sdmx.ashx/GetDataStructure/ABS_CENSUS2011_B12
TRUE,Person,Background,Proficiency in Spoken English/Language of Parents,by Age of Dependent Children,ABS_CENSUS2011_B12_LGA,LGA2011,TRUE,,,AGE,,B,,,['8'],,,,TRUE,http://stat.data.abs.gov.au/sdmx-json/dataflow/ABS_CENSUS2011_B12_LGA,,http://stat.data.abs.gov.au/restsdmx/sdmx.ashx/GetDataStructure/ABS_CENSUS2011_B12_LGA
TRUE,Person,Background,Proficiency in Spoken English/Language of Parents,by Age of Dependent Children,ABS_CENSUS2011_B12_SA1_SA,SA1_SA,TRUE,,,AGE,,B,,,['8'],,,,TRUE,http://stat.data.abs.gov.au/sdmx-json/dataflow/ABS_CENSUS2011_B12_SA1_SA,,http://stat.data.abs.gov.au/restsdmx/sdmx.ashx/GetDataStructure/ABS_CENSUS2011_B12_SA1_SA
TRUE,Person,Background,Language Spoken at Home,by Sex,ABS_CENSUS2011_B13,SAx,TRUE,,MEASURE,AGE,,B,,,,,,,TRUE,http://stat.data.abs.gov.au/sdmx-json/dataflow/ABS_CENSUS2011_B13,,http://stat.data.abs.gov.au/restsdmx/sdmx.ashx/GetDataStructure/ABS_CENSUS2011_B13
TRUE,Person,Background,Language Spoken at Home,by Sex,ABS_CENSUS2011_B13_LGA,LGA2011,TRUE,,MEASURE,AGE,,B,,,,,,,TRUE,http://stat.data.abs.gov.au/sdmx-json/dataflow/ABS_CENSUS2011_B13_LGA,,http://stat.data.abs.gov.au/restsdmx/sdmx.ashx/GetDataStructure/ABS_CENSUS2011_B13_LGA
TRUE,Person,Background,Language Spoken at Home,by Sex,ABS_CENSUS2011_B13_SA1_SA,SA1_SA,TRUE,,MEASURE,AGE,,B,,,,,,,TRUE,http://stat.data.abs.gov.au/sdmx-json/dataflow/ABS_CENSUS2011_B13_SA1_SA,,http://stat.data.abs.gov.au/restsdmx/sdmx.ashx/GetDataStructure/ABS_CENSUS2011_B13_SA1_SA
TRUE,Person,,Religious Affiliation,by Sex,ABS_CENSUS2011_B14,SAx,TRUE,,MEASURE,AGE,,B,,,,,,,TRUE,http://stat.data.abs.gov.au/sdmx-json/dataflow/ABS_CENSUS2011_B14,,http://stat.data.abs.gov.au/restsdmx/sdmx.ashx/GetDataStructure/ABS_CENSUS2011_B14
TRUE,Person,,Religious Affiliation,by Sex,ABS_CENSUS2011_B14_LGA,LGA2011,TRUE,,MEASURE,AGE,,B,,,,,,,TRUE,http://stat.data.abs.gov.au/sdmx-json/dataflow/ABS_CENSUS2011_B14_LGA,,http://stat.data.abs.gov.au/restsdmx/sdmx.ashx/GetDataStructure/ABS_CENSUS2011_B14_LGA
TRUE,Person,,Religious Affiliation,by Sex,ABS_CENSUS2011_B14_SA1_SA,SA1_SA,TRUE,,MEASURE,AGE,,B,,,,,,,TRUE,http://stat.data.abs.gov.au/sdmx-json/dataflow/ABS_CENSUS2011_B14_SA1_SA,,http://stat.data.abs.gov.au/restsdmx/sdmx.ashx/GetDataStructure/ABS_CENSUS2011_B14_SA1_SA
FALSE,Person,Education,Type of Educational Institution Attending,by Sex,ABS_CENSUS2011_B15,SAx,TRUE,,MEASURE,AGE,,B,,,,,,,FALSE,http://stat.data.abs.gov.au/sdmx-json/dataflow/ABS_CENSUS2011_B15,"Needs hierarchical variables to be meaningful, or to be separated into 5 separate items",http://stat.data.abs.gov.au/restsdmx/sdmx.ashx/GetDataStructure/ABS_CENSUS2011_B15
FALSE,Person,Education,Type of Educational Institution Attending,by Sex,ABS_CENSUS2011_B15_LGA,LGA2011,TRUE,,MEASURE,AGE,,B,,,,,,,FALSE,http://stat.data.abs.gov.au/sdmx-json/dataflow/ABS_CENSUS2011_B15_LGA,,http://stat.data.abs.gov.au/restsdmx/sdmx.ashx/GetDataStructure/ABS_CENSUS2011_B15_LGA
FALSE,Person,Education,Type of Educational Institution Attending,by Sex,ABS_CENSUS2011_B15_SA1_SA,SA1_SA,TRUE,,MEASURE,AGE,,B,,,,,,,FALSE,http://stat.data.abs.gov.au/sdmx-json/dataflow/ABS_CENSUS2011_B15_SA1_SA,,http://stat.data.abs.gov.au/restsdmx/sdmx.ashx/GetDataStructure/ABS_CENSUS2011_B15_SA1_SA
TRUE,Person,Education,Highest Year of School Completed,by Age by Sex,ABS_CENSUS2011_B16,SAx,TRUE,,MEASURE,AGE,,B,,,,,,,TRUE,http://stat.data.abs.gov.au/sdmx-json/dataflow/ABS_CENSUS2011_B16,,http://stat.data.abs.gov.au/restsdmx/sdmx.ashx/GetDataStructure/ABS_CENSUS2011_B16
TRUE,Person,Education,Highest Year of School Completed,by Age by Sex,ABS_CENSUS2011_B16_LGA,LGA2011,TRUE,,MEASURE,AGE,,B,,,,,,,TRUE,http://stat.data.abs.gov.au/sdmx-json/dataflow/ABS_CENSUS2011_B16_LGA,,http://stat.data.abs.gov.au/restsdmx/sdmx.ashx/GetDataStructure/ABS_CENSUS2011_B16_LGA
TRUE,Person,Education,Highest Year of School Completed,by Age by Sex,ABS_CENSUS2011_B16_SA1_SA,SA1_SA,TRUE,,MEASURE,AGE,,B,,,,,,,TRUE,http://stat.data.abs.gov.au/sdmx-json/dataflow/ABS_CENSUS2011_B16_SA1_SA,,http://stat.data.abs.gov.au/restsdmx/sdmx.ashx/GetDataStructure/ABS_CENSUS2011_B16_SA1_SA
TRUE,Person,Income,Total Personal Income,by Age by Sex,ABS_CENSUS2011_B17,SAx,TRUE,,SEX,MEASURE,,B,,,,,,,TRUE,http://stat.data.abs.gov.au/sdmx-json/dataflow/ABS_CENSUS2011_B17,,http://stat.data.abs.gov.au/restsdmx/sdmx.ashx/GetDataStructure/ABS_CENSUS2011_B17
TRUE,Person,Income,Total Personal Income,by Age by Sex,ABS_CENSUS2011_B17_LGA,LGA2011,TRUE,,SEX,MEASURE,,B,,,,,,,TRUE,http://stat.data.abs.gov.au/sdmx-json/dataflow/ABS_CENSUS2011_B17_LGA,,http://stat.data.abs.gov.au/restsdmx/sdmx.ashx/GetDataStructure/ABS_CENSUS2011_B17_LGA
TRUE,Person,Income,Total Personal Income,by Age by Sex,ABS_CENSUS2011_B17_SA1_SA,SA1_SA,TRUE,,SEX,MEASURE,,B,,,,,,,TRUE,http://stat.data.abs.gov.au/sdmx-json/dataflow/ABS_CENSUS2011_B17_SA1_SA,,http://stat.data.abs.gov.au/restsdmx/sdmx.ashx/GetDataStructure/ABS_CENSUS2011_B17_SA1_SA
TRUE,Person,,Need for Assistance,by Age by Sex,ABS_CENSUS2011_B18,SAx,TRUE,,MEASURE,AGE,,B,,,,,,,TRUE,http://stat.data.abs.gov.au/sdmx-json/dataflow/ABS_CENSUS2011_B18,,http://stat.data.abs.gov.au/restsdmx/sdmx.ashx/GetDataStructure/ABS_CENSUS2011_B18
TRUE,Person,,Need for Assistance,by Age by Sex,ABS_CENSUS2011_B18_LGA,LGA2011,TRUE,,MEASURE,AGE,,B,,,,,,,TRUE,http://stat.data.abs.gov.au/sdmx-json/dataflow/ABS_CENSUS2011_B18_LGA,,http://stat.data.abs.gov.au/restsdmx/sdmx.ashx/GetDataStructure/ABS_CENSUS2011_B18_LGA
TRUE,Person,,Need for Assistance,by Age by Sex,ABS_CENSUS2011_B18_SA1_SA,SA1_SA,TRUE,,MEASURE,AGE,,B,,,,,,,TRUE,http://stat.data.abs.gov.au/sdmx-json/dataflow/ABS_CENSUS2011_B18_SA1_SA,,http://stat.data.abs.gov.au/restsdmx/sdmx.ashx/GetDataStructure/ABS_CENSUS2011_B18_SA1_SA
TRUE,Person,Unpaid Work,Voluntary Work for an Organisation or Group,by Age by Sex,ABS_CENSUS2011_B19,SAx,TRUE,,MEASURE,AGE,,B,,,,,,,TRUE,http://stat.data.abs.gov.au/sdmx-json/dataflow/ABS_CENSUS2011_B19,,http://stat.data.abs.gov.au/restsdmx/sdmx.ashx/GetDataStructure/ABS_CENSUS2011_B19
TRUE,Person,Unpaid Work,Voluntary Work for an Organisation or Group,by Age by Sex,ABS_CENSUS2011_B19_LGA,LGA2011,TRUE,,MEASURE,AGE,,B,,,,,,,TRUE,http://stat.data.abs.gov.au/sdmx-json/dataflow/ABS_CENSUS2011_B19_LGA,,http://stat.data.abs.gov.au/restsdmx/sdmx.ashx/GetDataStructure/ABS_CENSUS2011_B19_LGA
TRUE,Person,Unpaid Work,Voluntary Work for an Organisation or Group,by Age by Sex,ABS_CENSUS2011_B19_SA1_SA,SA1_SA,TRUE,,MEASURE,AGE,,B,,,,,,,TRUE,http://stat.data.abs.gov.au/sdmx-json/dataflow/ABS_CENSUS2011_B19_SA1_SA,,http://stat.data.abs.gov.au/restsdmx/sdmx.ashx/GetDataStructure/ABS_CENSUS2011_B19_SA1_SA
TRUE,Person,Unpaid Work,Unpaid Domestic Work: Number of Hours,by Age by Sex,ABS_CENSUS2011_B20,SAx,TRUE,,MEASURE,AGE,,B,,,,,,,TRUE,http://stat.data.abs.gov.au/sdmx-json/dataflow/ABS_CENSUS2011_B20,,http://stat.data.abs.gov.au/restsdmx/sdmx.ashx/GetDataStructure/ABS_CENSUS2011_B20
TRUE,Person,Unpaid Work,Unpaid Domestic Work: Number of Hours,by Age by Sex,ABS_CENSUS2011_B20_LGA,LGA2011,TRUE,,MEASURE,AGE,,B,,,,,,,TRUE,http://stat.data.abs.gov.au/sdmx-json/dataflow/ABS_CENSUS2011_B20_LGA,,http://stat.data.abs.gov.au/restsdmx/sdmx.ashx/GetDataStructure/ABS_CENSUS2011_B20_LGA
TRUE,Person,Unpaid Work,Unpaid Domestic Work: Number of Hours,by Age by Sex,ABS_CENSUS2011_B20_SA1_SA,SA1_SA,TRUE,,MEASURE,AGE,,B,,,,,,,TRUE,http://stat.data.abs.gov.au/sdmx-json/dataflow/ABS_CENSUS2011_B20_SA1_SA,,http://stat.data.abs.gov.au/restsdmx/sdmx.ashx/GetDataStructure/ABS_CENSUS2011_B20_SA1_SA
TRUE,Person,Unpaid Work,Unpaid Assistance to a Person with a Disability,by Age by Sex,ABS_CENSUS2011_B21,SAx,TRUE,,MEASURE,AGE,,B,,,,,,,TRUE,http://stat.data.abs.gov.au/sdmx-json/dataflow/ABS_CENSUS2011_B21,,http://stat.data.abs.gov.au/restsdmx/sdmx.ashx/GetDataStructure/ABS_CENSUS2011_B21
TRUE,Person,Unpaid Work,Unpaid Assistance to a Person with a Disability,by Age by Sex,ABS_CENSUS2011_B21_LGA,LGA2011,TRUE,,MEASURE,AGE,,B,,,,,,,TRUE,http://stat.data.abs.gov.au/sdmx-json/dataflow/ABS_CENSUS2011_B21_LGA,,http://stat.data.abs.gov.au/restsdmx/sdmx.ashx/GetDataStructure/ABS_CENSUS2011_B21_LGA
TRUE,Person,Unpaid Work,Unpaid Assistance to a Person with a Disability,by Age by Sex,ABS_CENSUS2011_B21_SA1_SA,SA1_SA,TRUE,,MEASURE,AGE,,B,,,,,,,TRUE,http://stat.data.abs.gov.au/sdmx-json/dataflow/ABS_CENSUS2011_B21_SA1_SA,,http://stat.data.abs.gov.au/restsdmx/sdmx.ashx/GetDataStructure/ABS_CENSUS2011_B21_SA1_SA
TRUE,Person,Unpaid Work,Unpaid Child Care,by Age by Sex,ABS_CENSUS2011_B22,SAx,TRUE,,SEX,AGE,,B,,,,,,,TRUE,http://stat.data.abs.gov.au/sdmx-json/dataflow/ABS_CENSUS2011_B22,,http://stat.data.abs.gov.au/restsdmx/sdmx.ashx/GetDataStructure/ABS_CENSUS2011_B22
TRUE,Person,Unpaid Work,Unpaid Child Care,by Age by Sex,ABS_CENSUS2011_B22_LGA,LGA2011,TRUE,,SEX,AGE,,B,,,,,,,TRUE,http://stat.data.abs.gov.au/sdmx-json/dataflow/ABS_CENSUS2011_B22_LGA,,http://stat.data.abs.gov.au/restsdmx/sdmx.ashx/GetDataStructure/ABS_CENSUS2011_B22_LGA
TRUE,Person,Unpaid Work,Unpaid Child Care,by Age by Sex,ABS_CENSUS2011_B22_SA1_SA,SA1_SA,TRUE,,SEX,AGE,,B,,,,,,,TRUE,http://stat.data.abs.gov.au/sdmx-json/dataflow/ABS_CENSUS2011_B22_SA1_SA,,http://stat.data.abs.gov.au/restsdmx/sdmx.ashx/GetDataStructure/ABS_CENSUS2011_B22_SA1_SA
TRUE,Person,,Relationship in Household,by Age by Sex,ABS_CENSUS2011_B23,SAx,TRUE,,SEX,AGE,,B,,,,,,,TRUE,http://stat.data.abs.gov.au/sdmx-json/dataflow/ABS_CENSUS2011_B23,,http://stat.data.abs.gov.au/restsdmx/sdmx.ashx/GetDataStructure/ABS_CENSUS2011_B23
TRUE,Person,,Relationship in Household,by Age by Sex,ABS_CENSUS2011_B23_LGA,LGA2011,TRUE,,SEX,AGE,,B,,,,,,,TRUE,http://stat.data.abs.gov.au/sdmx-json/dataflow/ABS_CENSUS2011_B23_LGA,,http://stat.data.abs.gov.au/restsdmx/sdmx.ashx/GetDataStructure/ABS_CENSUS2011_B23_LGA
TRUE,Person,,Relationship in Household,by Age by Sex,ABS_CENSUS2011_B23_SA1_SA,SA1_SA,TRUE,,SEX,AGE,,B,,,,,,,TRUE,http://stat.data.abs.gov.au/sdmx-json/dataflow/ABS_CENSUS2011_B23_SA1_SA,,http://stat.data.abs.gov.au/restsdmx/sdmx.ashx/GetDataStructure/ABS_CENSUS2011_B23_SA1_SA
TRUE,Family,,Number of Children Ever Born,by Age of Parent,ABS_CENSUS2011_B24,SAx,TRUE,,,MEASURE,,B,,,,,,,TRUE,http://stat.data.abs.gov.au/sdmx-json/dataflow/ABS_CENSUS2011_B24,,http://stat.data.abs.gov.au/restsdmx/sdmx.ashx/GetDataStructure/ABS_CENSUS2011_B24
TRUE,Family,,Number of Children Ever Born,by Age of Parent,ABS_CENSUS2011_B24_LGA,LGA2011,TRUE,,,MEASURE,,B,,,,,,,TRUE,http://stat.data.abs.gov.au/sdmx-json/dataflow/ABS_CENSUS2011_B24_LGA,,http://stat.data.abs.gov.au/restsdmx/sdmx.ashx/GetDataStructure/ABS_CENSUS2011_B24_LGA
TRUE,Family,,Number of Children Ever Born,by Age of Parent,ABS_CENSUS2011_B24_SA1_SA,SA1_SA,TRUE,,,MEASURE,,B,,,,,,,TRUE,http://stat.data.abs.gov.au/sdmx-json/dataflow/ABS_CENSUS2011_B24_SA1_SA,,http://stat.data.abs.gov.au/restsdmx/sdmx.ashx/GetDataStructure/ABS_CENSUS2011_B24_SA1_SA
TRUE,Family,,Family Composition,,ABS_CENSUS2011_B25,SAx,TRUE,['MEASURE'],,AGE,,B,,,,,Not all the data available in this dataset is displayed here.,,TRUE,http://stat.data.abs.gov.au/sdmx-json/dataflow/ABS_CENSUS2011_B25,Needs hierarchical variables to be meaningful. Currently forced a whitelist of the totals only into the ejs.,http://stat.data.abs.gov.au/restsdmx/sdmx.ashx/GetDataStructure/ABS_CENSUS2011_B25
TRUE,Family,,Family Composition,,ABS_CENSUS2011_B25_LGA,LGA2011,TRUE,['MEASURE'],,AGE,,B,,,,,Not all the data available in this dataset is displayed here.,,TRUE,http://stat.data.abs.gov.au/sdmx-json/dataflow/ABS_CENSUS2011_B25_LGA,,http://stat.data.abs.gov.au/restsdmx/sdmx.ashx/GetDataStructure/ABS_CENSUS2011_B25_LGA
TRUE,Family,,Family Composition,,ABS_CENSUS2011_B25_SA1_SA,SA1_SA,TRUE,['MEASURE'],,AGE,,B,,,,,Not all the data available in this dataset is displayed here.,,TRUE,http://stat.data.abs.gov.au/sdmx-json/dataflow/ABS_CENSUS2011_B25_SA1_SA,,http://stat.data.abs.gov.au/restsdmx/sdmx.ashx/GetDataStructure/ABS_CENSUS2011_B25_SA1_SA
TRUE,Family,,Total Family Income,by Family Composition,ABS_CENSUS2011_B26,SAx,TRUE,,,AGE,,B,,,,,,,TRUE,http://stat.data.abs.gov.au/sdmx-json/dataflow/ABS_CENSUS2011_B26,"There are some requests that fail, eg. http://stat.data.abs.gov.au/sdmx-json/data/ABS_CENSUS2011_B26/CF.03..SA4..A/all",http://stat.data.abs.gov.au/restsdmx/sdmx.ashx/GetDataStructure/ABS_CENSUS2011_B26
TRUE,Family,,Total Family Income,by Family Composition,ABS_CENSUS2011_B26_LGA,LGA2011,TRUE,,,AGE,,B,,,,,,,TRUE,http://stat.data.abs.gov.au/sdmx-json/dataflow/ABS_CENSUS2011_B26_LGA,,http://stat.data.abs.gov.au/restsdmx/sdmx.ashx/GetDataStructure/ABS_CENSUS2011_B26_LGA
TRUE,Family,,Total Family Income,by Family Composition,ABS_CENSUS2011_B26_SA1_SA,SA1_SA,TRUE,,,AGE,,B,,,,,,,TRUE,http://stat.data.abs.gov.au/sdmx-json/dataflow/ABS_CENSUS2011_B26_SA1_SA,,http://stat.data.abs.gov.au/restsdmx/sdmx.ashx/GetDataStructure/ABS_CENSUS2011_B26_SA1_SA
TRUE,Family,,Family Blending,,ABS_CENSUS2011_B27,SAx,TRUE,,,AGE,,B,,,,,,,TRUE,http://stat.data.abs.gov.au/sdmx-json/dataflow/ABS_CENSUS2011_B27,,http://stat.data.abs.gov.au/restsdmx/sdmx.ashx/GetDataStructure/ABS_CENSUS2011_B27
TRUE,Family,,Family Blending,,ABS_CENSUS2011_B27_LGA,LGA2011,TRUE,,,AGE,,B,,,,,,,TRUE,http://stat.data.abs.gov.au/sdmx-json/dataflow/ABS_CENSUS2011_B27_LGA,,http://stat.data.abs.gov.au/restsdmx/sdmx.ashx/GetDataStructure/ABS_CENSUS2011_B27_LGA
TRUE,Family,,Family Blending,,ABS_CENSUS2011_B27_SA1_SA,SA1_SA,TRUE,,,AGE,,B,,,,,,,TRUE,http://stat.data.abs.gov.au/sdmx-json/dataflow/ABS_CENSUS2011_B27_SA1_SA,,http://stat.data.abs.gov.au/restsdmx/sdmx.ashx/GetDataStructure/ABS_CENSUS2011_B27_SA1_SA
TRUE,Household,,Total Household Income,by Household Composition,ABS_CENSUS2011_B28,SAx,TRUE,,,AGE,,B,,,,,,,TRUE,http://stat.data.abs.gov.au/sdmx-json/dataflow/ABS_CENSUS2011_B28,,http://stat.data.abs.gov.au/restsdmx/sdmx.ashx/GetDataStructure/ABS_CENSUS2011_B28
TRUE,Household,,Total Household Income,by Household Composition,ABS_CENSUS2011_B28_LGA,LGA2011,TRUE,,,AGE,,B,,,,,,,TRUE,http://stat.data.abs.gov.au/sdmx-json/dataflow/ABS_CENSUS2011_B28_LGA,,http://stat.data.abs.gov.au/restsdmx/sdmx.ashx/GetDataStructure/ABS_CENSUS2011_B28_LGA
TRUE,Household,,Total Household Income,by Household Composition,ABS_CENSUS2011_B28_SA1_SA,SA1_SA,TRUE,,,AGE,,B,,,,,,,TRUE,http://stat.data.abs.gov.au/sdmx-json/dataflow/ABS_CENSUS2011_B28_SA1_SA,,http://stat.data.abs.gov.au/restsdmx/sdmx.ashx/GetDataStructure/ABS_CENSUS2011_B28_SA1_SA
TRUE,Dwelling,,Number of Motor Vehicles,,ABS_CENSUS2011_B29,SAx,TRUE,,,AGE,,B,,"['TOT','0','1','2','3','4','Z']",,,,,TRUE,http://stat.data.abs.gov.au/sdmx-json/dataflow/ABS_CENSUS2011_B29,"The ABS name includes ""by Dwelling"", but this can only take one value, ""D"", so is irrelevant.",http://stat.data.abs.gov.au/restsdmx/sdmx.ashx/GetDataStructure/ABS_CENSUS2011_B29
TRUE,Dwelling,,Number of Motor Vehicles,,ABS_CENSUS2011_B29_LGA,LGA2011,TRUE,,,AGE,,B,,"['TOT','0','1','2','3','4','Z']",,,,,TRUE,http://stat.data.abs.gov.au/sdmx-json/dataflow/ABS_CENSUS2011_B29_LGA,,http://stat.data.abs.gov.au/restsdmx/sdmx.ashx/GetDataStructure/ABS_CENSUS2011_B29_LGA
TRUE,Dwelling,,Number of Motor Vehicles,,ABS_CENSUS2011_B29_SA1_SA,SA1_SA,TRUE,,,AGE,,B,,"['TOT','0','1','2','3','4','Z']",,,,,TRUE,http://stat.data.abs.gov.au/sdmx-json/dataflow/ABS_CENSUS2011_B29_SA1_SA,,http://stat.data.abs.gov.au/restsdmx/sdmx.ashx/GetDataStructure/ABS_CENSUS2011_B29_SA1_SA
TRUE,Household,,Number of Persons Usually Resident,by Household Composition,ABS_CENSUS2011_B30,SAx,TRUE,,,AGE,,B,,,,,,,TRUE,http://stat.data.abs.gov.au/sdmx-json/dataflow/ABS_CENSUS2011_B30,"I've switched ""Household Composition by Number of…"" around to ""Number of… by Household Composition"".",http://stat.data.abs.gov.au/restsdmx/sdmx.ashx/GetDataStructure/ABS_CENSUS2011_B30
TRUE,Household,,Number of Persons Usually Resident,by Household Composition,ABS_CENSUS2011_B30_LGA,LGA2011,TRUE,,,AGE,,B,,,,,,,TRUE,http://stat.data.abs.gov.au/sdmx-json/dataflow/ABS_CENSUS2011_B30_LGA,,http://stat.data.abs.gov.au/restsdmx/sdmx.ashx/GetDataStructure/ABS_CENSUS2011_B30_LGA
TRUE,Household,,Number of Persons Usually Resident,by Household Composition,ABS_CENSUS2011_B30_SA1_SA,SA1_SA,TRUE,,,AGE,,B,,,,,,,TRUE,http://stat.data.abs.gov.au/sdmx-json/dataflow/ABS_CENSUS2011_B30_SA1_SA,,http://stat.data.abs.gov.au/restsdmx/sdmx.ashx/GetDataStructure/ABS_CENSUS2011_B30_SA1_SA
TRUE,Dwelling,,Dwelling Structure,,ABS_CENSUS2011_B31,SAx,TRUE,['MEASURE'],,AGE,,B,,,,,,,TRUE,http://stat.data.abs.gov.au/sdmx-json/dataflow/ABS_CENSUS2011_B31,Needs hierarchical variables to be meaningful. Currently forced a whitelist of the totals only into the ejs.,http://stat.data.abs.gov.au/restsdmx/sdmx.ashx/GetDataStructure/ABS_CENSUS2011_B31
TRUE,Dwelling,,Dwelling Structure,,ABS_CENSUS2011_B31_LGA,LGA2011,TRUE,['MEASURE'],,AGE,,B,,,,,,,TRUE,http://stat.data.abs.gov.au/sdmx-json/dataflow/ABS_CENSUS2011_B31_LGA,,http://stat.data.abs.gov.au/restsdmx/sdmx.ashx/GetDataStructure/ABS_CENSUS2011_B31_LGA
TRUE,Dwelling,,Dwelling Structure,,ABS_CENSUS2011_B31_SA1_SA,SA1_SA,TRUE,['MEASURE'],,AGE,,B,,,,,,,TRUE,http://stat.data.abs.gov.au/sdmx-json/dataflow/ABS_CENSUS2011_B31_SA1_SA,,http://stat.data.abs.gov.au/restsdmx/sdmx.ashx/GetDataStructure/ABS_CENSUS2011_B31_SA1_SA
TRUE,Dwelling,,Tenure Type and Landlord Type,by Dwelling Structure,ABS_CENSUS2011_B32,SAx,TRUE,,,AGE,,B,,"[""OPD"", ""1"", ""2"", ""3"", ""9"", ""Z"", ""UPD""]",['OPD'],,,,FALSE,http://stat.data.abs.gov.au/sdmx-json/dataflow/ABS_CENSUS2011_B32,URL fails to provide total data using TOT - http://localhost:3001/proxy/http://stat.data.abs.gov.au/sdmx-json/data/ABS_CENSUS2011_B32/TOT.TOT..SA4..A/all,http://stat.data.abs.gov.au/restsdmx/sdmx.ashx/GetDataStructure/ABS_CENSUS2011_B32
TRUE,Dwelling,,Tenure Type and Landlord Type,by Dwelling Structure,ABS_CENSUS2011_B32_LGA,LGA2011,TRUE,,,AGE,,B,,"[""OPD"", ""1"", ""2"", ""3"", ""9"", ""Z"", ""UPD""]",['OPD'],,,,FALSE,http://stat.data.abs.gov.au/sdmx-json/dataflow/ABS_CENSUS2011_B32_LGA,,http://stat.data.abs.gov.au/restsdmx/sdmx.ashx/GetDataStructure/ABS_CENSUS2011_B32_LGA
TRUE,Dwelling,,Tenure Type and Landlord Type,by Dwelling Structure,ABS_CENSUS2011_B32_SA1_SA,SA1_SA,TRUE,,,AGE,,B,,"[""OPD"", ""1"", ""2"", ""3"", ""9"", ""Z"", ""UPD""]",['OPD'],,,,FALSE,http://stat.data.abs.gov.au/sdmx-json/dataflow/ABS_CENSUS2011_B32_SA1_SA,,http://stat.data.abs.gov.au/restsdmx/sdmx.ashx/GetDataStructure/ABS_CENSUS2011_B32_SA1_SA
TRUE,Dwelling,,Mortgage Repayment,by Dwelling Structure,ABS_CENSUS2011_B33,SAx,TRUE,,,AGE,,B,,"[""OPD"", ""1"", ""2"", ""3"", ""9"", ""Z"", ""UPD""]",['OPD'],,,,FALSE,http://stat.data.abs.gov.au/sdmx-json/dataflow/ABS_CENSUS2011_B33,URL fails to provide total data using TOT - http://localhost:3001/proxy/http://stat.data.abs.gov.au/sdmx-json/data/ABS_CENSUS2011_B33/TOT.TOT..SA4..A/all,http://stat.data.abs.gov.au/restsdmx/sdmx.ashx/GetDataStructure/ABS_CENSUS2011_B33
TRUE,Dwelling,,Mortgage Repayment,by Dwelling Structure,ABS_CENSUS2011_B33_LGA,LGA2011,TRUE,,,AGE,,B,,"[""OPD"", ""1"", ""2"", ""3"", ""9"", ""Z"", ""UPD""]",['OPD'],,,,FALSE,http://stat.data.abs.gov.au/sdmx-json/dataflow/ABS_CENSUS2011_B33_LGA,,http://stat.data.abs.gov.au/restsdmx/sdmx.ashx/GetDataStructure/ABS_CENSUS2011_B33_LGA
TRUE,Dwelling,,Mortgage Repayment,by Dwelling Structure,ABS_CENSUS2011_B33_SA1_SA,SA1_SA,TRUE,,,AGE,,B,,"[""OPD"", ""1"", ""2"", ""3"", ""9"", ""Z"", ""UPD""]",['OPD'],,,,FALSE,http://stat.data.abs.gov.au/sdmx-json/dataflow/ABS_CENSUS2011_B33_SA1_SA,,http://stat.data.abs.gov.au/restsdmx/sdmx.ashx/GetDataStructure/ABS_CENSUS2011_B33_SA1_SA
TRUE,Dwelling,,Rent,by Landlord Type,ABS_CENSUS2011_B34,SAx,TRUE,,,AGE,,B,,,,,,,TRUE,http://stat.data.abs.gov.au/sdmx-json/dataflow/ABS_CENSUS2011_B34,,http://stat.data.abs.gov.au/restsdmx/sdmx.ashx/GetDataStructure/ABS_CENSUS2011_B34
TRUE,Dwelling,,Rent,by Landlord Type,ABS_CENSUS2011_B34_LGA,LGA2011,TRUE,,,AGE,,B,,,,,,,TRUE,http://stat.data.abs.gov.au/sdmx-json/dataflow/ABS_CENSUS2011_B34_LGA,,http://stat.data.abs.gov.au/restsdmx/sdmx.ashx/GetDataStructure/ABS_CENSUS2011_B34_LGA
TRUE,Dwelling,,Rent,by Landlord Type,ABS_CENSUS2011_B34_SA1_SA,SA1_SA,TRUE,,,AGE,,B,,,,,,,TRUE,http://stat.data.abs.gov.au/sdmx-json/dataflow/ABS_CENSUS2011_B34_SA1_SA,,http://stat.data.abs.gov.au/restsdmx/sdmx.ashx/GetDataStructure/ABS_CENSUS2011_B34_SA1_SA
TRUE,Dwelling,,Type of Internet Connection,by Dwelling Structure,ABS_CENSUS2011_B35,SAx,TRUE,,,AGE,,B,,"[""OPD"", ""1"", ""2"", ""3"", ""9"", ""Z"", ""UPD""]",['OPD'],,,,FALSE,http://stat.data.abs.gov.au/sdmx-json/dataflow/ABS_CENSUS2011_B35,URL fails to provide total data using TOT - http://localhost:3001/proxy/http://stat.data.abs.gov.au/sdmx-json/data/ABS_CENSUS2011_B35/TOT.TOT..SA4..A/all,http://stat.data.abs.gov.au/restsdmx/sdmx.ashx/GetDataStructure/ABS_CENSUS2011_B35
TRUE,Dwelling,,Type of Internet Connection,by Dwelling Structure,ABS_CENSUS2011_B35_LGA,LGA2011,TRUE,,,AGE,,B,,"[""OPD"", ""1"", ""2"", ""3"", ""9"", ""Z"", ""UPD""]",['OPD'],,,,FALSE,http://stat.data.abs.gov.au/sdmx-json/dataflow/ABS_CENSUS2011_B35_LGA,,http://stat.data.abs.gov.au/restsdmx/sdmx.ashx/GetDataStructure/ABS_CENSUS2011_B35_LGA
TRUE,Dwelling,,Type of Internet Connection,by Dwelling Structure,ABS_CENSUS2011_B35_SA1_SA,SA1_SA,TRUE,,,AGE,,B,,"[""OPD"", ""1"", ""2"", ""3"", ""9"", ""Z"", ""UPD""]",['OPD'],,,,FALSE,http://stat.data.abs.gov.au/sdmx-json/dataflow/ABS_CENSUS2011_B35_SA1_SA,,http://stat.data.abs.gov.au/restsdmx/sdmx.ashx/GetDataStructure/ABS_CENSUS2011_B35_SA1_SA
TRUE,Dwelling,,Dwelling Structure,by Number of Bedrooms,ABS_CENSUS2011_B36,SAx,TRUE,,,AGE,,B,,"[""TOT"", ""1"", ""2"", ""3"", ""9"", ""Z"", ""UPD""]",,,,,TRUE,http://stat.data.abs.gov.au/sdmx-json/dataflow/ABS_CENSUS2011_B36,,http://stat.data.abs.gov.au/restsdmx/sdmx.ashx/GetDataStructure/ABS_CENSUS2011_B36
TRUE,Dwelling,,Dwelling Structure,by Number of Bedrooms,ABS_CENSUS2011_B36_LGA,LGA2011,TRUE,,,AGE,,B,,"[""TOT"", ""1"", ""2"", ""3"", ""9"", ""Z"", ""UPD""]",,,,,TRUE,http://stat.data.abs.gov.au/sdmx-json/dataflow/ABS_CENSUS2011_B36_LGA,,http://stat.data.abs.gov.au/restsdmx/sdmx.ashx/GetDataStructure/ABS_CENSUS2011_B36_LGA
TRUE,Dwelling,,Dwelling Structure,by Number of Bedrooms,ABS_CENSUS2011_B36_SA1_SA,SA1_SA,TRUE,,,AGE,,B,,"[""TOT"", ""1"", ""2"", ""3"", ""9"", ""Z"", ""UPD""]",,,,,TRUE,http://stat.data.abs.gov.au/sdmx-json/dataflow/ABS_CENSUS2011_B36_SA1_SA,,http://stat.data.abs.gov.au/restsdmx/sdmx.ashx/GetDataStructure/ABS_CENSUS2011_B36_SA1_SA
TRUE,Labour Force,,Employment rates,by Sex,ABS_CENSUS2011_B37,SAx,TRUE,['MEASURE'],SEX,AGE,,B,,"['UER','LFPR','EPR']",,,Not all the data available in this dataset is displayed here.,,TRUE,http://stat.data.abs.gov.au/sdmx-json/dataflow/ABS_CENSUS2011_B37,,http://stat.data.abs.gov.au/restsdmx/sdmx.ashx/GetDataStructure/ABS_CENSUS2011_B37
TRUE,Labour Force,,Employment rates,by Sex,ABS_CENSUS2011_B37_LGA,LGA2011,TRUE,['MEASURE'],SEX,AGE,,B,,"['UER','LFPR','EPR']",,,Not all the data available in this dataset is displayed here.,,TRUE,http://stat.data.abs.gov.au/sdmx-json/dataflow/ABS_CENSUS2011_B37_LGA,,http://stat.data.abs.gov.au/restsdmx/sdmx.ashx/GetDataStructure/ABS_CENSUS2011_B37_LGA
TRUE,Labour Force,,Employment rates,by Sex,ABS_CENSUS2011_B37_SA1_SA,SA1_SA,TRUE,['MEASURE'],SEX,AGE,,B,,"['UER','LFPR','EPR']",,,Not all the data available in this dataset is displayed here.,,TRUE,http://stat.data.abs.gov.au/sdmx-json/dataflow/ABS_CENSUS2011_B37_SA1_SA,,http://stat.data.abs.gov.au/restsdmx/sdmx.ashx/GetDataStructure/ABS_CENSUS2011_B37_SA1_SA
TRUE,Labour Force,,Size,by Sex,ABS_CENSUS2011_B37,SAx,TRUE,,SEX,AGE,,B,,"['LFTOT','LF_6','LF_1','LF_2','LF_3','LF_4_5']",['LFTOT'],,Not all the data available in this dataset is displayed here.,,TRUE,http://stat.data.abs.gov.au/sdmx-json/dataflow/ABS_CENSUS2011_B37,,http://stat.data.abs.gov.au/restsdmx/sdmx.ashx/GetDataStructure/ABS_CENSUS2011_B37
TRUE,Labour Force,,Size,by Sex,ABS_CENSUS2011_B37_LGA,LGA2011,TRUE,,SEX,AGE,,B,,"['LFTOT','LF_6','LF_1','LF_2','LF_3','LF_4_5']",['LFTOT'],,Not all the data available in this dataset is displayed here.,,TRUE,http://stat.data.abs.gov.au/sdmx-json/dataflow/ABS_CENSUS2011_B37_LGA,,http://stat.data.abs.gov.au/restsdmx/sdmx.ashx/GetDataStructure/ABS_CENSUS2011_B37_LGA
TRUE,Labour Force,,Size,by Sex,ABS_CENSUS2011_B37_SA1_SA,SA1_SA,TRUE,,SEX,AGE,,B,,"['LFTOT','LF_6','LF_1','LF_2','LF_3','LF_4_5']",['LFTOT'],,Not all the data available in this dataset is displayed here.,,TRUE,http://stat.data.abs.gov.au/sdmx-json/dataflow/ABS_CENSUS2011_B37_SA1_SA,,http://stat.data.abs.gov.au/restsdmx/sdmx.ashx/GetDataStructure/ABS_CENSUS2011_B37_SA1_SA
TRUE,Person,Residence,Place of Usual Residence 1 Year Ago,by Sex,ABS_CENSUS2011_B38,SAx,TRUE,,MEASURE,AGE,,B,,,,,,,TRUE,http://stat.data.abs.gov.au/sdmx-json/dataflow/ABS_CENSUS2011_B38,,http://stat.data.abs.gov.au/restsdmx/sdmx.ashx/GetDataStructure/ABS_CENSUS2011_B38
TRUE,Person,Residence,Place of Usual Residence 1 Year Ago,by Sex,ABS_CENSUS2011_B38_LGA,LGA2011,TRUE,,MEASURE,AGE,,B,,,,,,,TRUE,http://stat.data.abs.gov.au/sdmx-json/dataflow/ABS_CENSUS2011_B38_LGA,,http://stat.data.abs.gov.au/restsdmx/sdmx.ashx/GetDataStructure/ABS_CENSUS2011_B38_LGA
TRUE,Person,Residence,Place of Usual Residence 1 Year Ago,by Sex,ABS_CENSUS2011_B38_SA1_SA,SA1_SA,TRUE,,MEASURE,AGE,,B,,,,,,,TRUE,http://stat.data.abs.gov.au/sdmx-json/dataflow/ABS_CENSUS2011_B38_SA1_SA,,http://stat.data.abs.gov.au/restsdmx/sdmx.ashx/GetDataStructure/ABS_CENSUS2011_B38_SA1_SA
TRUE,Person,Residence,Place of Usual Residence 5 Years Ago,by Sex,ABS_CENSUS2011_B39,SAx,TRUE,,SEX,,,B,,,"[""TOT"", ""2"", ""2_S"", ""2_0""]",,,,TRUE,http://stat.data.abs.gov.au/sdmx-json/dataflow/ABS_CENSUS2011_B39,,http://stat.data.abs.gov.au/restsdmx/sdmx.ashx/GetDataStructure/ABS_CENSUS2011_B39
TRUE,Person,Residence,Place of Usual Residence 5 Years Ago,by Sex,ABS_CENSUS2011_B39_LGA,LGA2011,TRUE,,SEX,,,B,,,"[""TOT"", ""2"", ""2_S"", ""2_0""]",,,,TRUE,http://stat.data.abs.gov.au/sdmx-json/dataflow/ABS_CENSUS2011_B39_LGA,,http://stat.data.abs.gov.au/restsdmx/sdmx.ashx/GetDataStructure/ABS_CENSUS2011_B39_LGA
TRUE,Person,Residence,Place of Usual Residence 5 Years Ago,by Sex,ABS_CENSUS2011_B39_SA1_SA,SA1_SA,TRUE,,SEX,,,B,,,"[""TOT"", ""2"", ""2_S"", ""2_0""]",,,,TRUE,http://stat.data.abs.gov.au/sdmx-json/dataflow/ABS_CENSUS2011_B39_SA1_SA,,http://stat.data.abs.gov.au/restsdmx/sdmx.ashx/GetDataStructure/ABS_CENSUS2011_B39_SA1_SA
TRUE,Person,Education,Non-School Qualification: Level of Education,by Age by Sex,ABS_CENSUS2011_B40,SAx,TRUE,,MEASURE,AGE,,B,,,,,,,TRUE,http://stat.data.abs.gov.au/sdmx-json/dataflow/ABS_CENSUS2011_B40,,http://stat.data.abs.gov.au/restsdmx/sdmx.ashx/GetDataStructure/ABS_CENSUS2011_B40
TRUE,Person,Education,Non-School Qualification: Level of Education,by Age by Sex,ABS_CENSUS2011_B40_LGA,LGA2011,TRUE,,MEASURE,AGE,,B,,,,,,,TRUE,http://stat.data.abs.gov.au/sdmx-json/dataflow/ABS_CENSUS2011_B40_LGA,,http://stat.data.abs.gov.au/restsdmx/sdmx.ashx/GetDataStructure/ABS_CENSUS2011_B40_LGA
TRUE,Person,Education,Non-School Qualification: Level of Education,by Age by Sex,ABS_CENSUS2011_B40_SA1_SA,SA1_SA,TRUE,,MEASURE,AGE,,B,,,,,,,TRUE,http://stat.data.abs.gov.au/sdmx-json/dataflow/ABS_CENSUS2011_B40_SA1_SA,,http://stat.data.abs.gov.au/restsdmx/sdmx.ashx/GetDataStructure/ABS_CENSUS2011_B40_SA1_SA
TRUE,Person,Education,Non-School Qualification: Field of Study,by Age by Sex,ABS_CENSUS2011_B41,SAx,TRUE,,SEX,AGE,,B,,,,,,,TRUE,http://stat.data.abs.gov.au/sdmx-json/dataflow/ABS_CENSUS2011_B41,,http://stat.data.abs.gov.au/restsdmx/sdmx.ashx/GetDataStructure/ABS_CENSUS2011_B41
TRUE,Person,Education,Non-School Qualification: Field of Study,by Age by Sex,ABS_CENSUS2011_B41_LGA,LGA2011,TRUE,,SEX,AGE,LGA_2011,B,,,,,,,TRUE,http://stat.data.abs.gov.au/sdmx-json/dataflow/ABS_CENSUS2011_B41_LGA,,http://stat.data.abs.gov.au/restsdmx/sdmx.ashx/GetDataStructure/ABS_CENSUS2011_B41_LGA
TRUE,Person,Education,Non-School Qualification: Field of Study,by Age by Sex,ABS_CENSUS2011_B41_SA1_SA,SA1_SA,TRUE,,SEX,AGE,,B,,,,,,,TRUE,http://stat.data.abs.gov.au/sdmx-json/dataflow/ABS_CENSUS2011_B41_SA1_SA,,http://stat.data.abs.gov.au/restsdmx/sdmx.ashx/GetDataStructure/ABS_CENSUS2011_B41_SA1_SA
TRUE,Labour Force,,Status,by Age by Sex,ABS_CENSUS2011_B42,SAx,TRUE,,MEASURE,AGE,,B,,,,,Not all the data available in this dataset is displayed here.,,TRUE,http://stat.data.abs.gov.au/sdmx-json/dataflow/ABS_CENSUS2011_B42,Needs hierarchical variables to be meaningful. Currently forced a whitelist of the employed values only into the ejs.,http://stat.data.abs.gov.au/restsdmx/sdmx.ashx/GetDataStructure/ABS_CENSUS2011_B42
TRUE,Labour Force,,Status,by Age by Sex,ABS_CENSUS2011_B42_LGA,LGA2011,TRUE,,MEASURE,AGE,,B,,,,,Not all the data available in this dataset is displayed here.,,TRUE,http://stat.data.abs.gov.au/sdmx-json/dataflow/ABS_CENSUS2011_B42_LGA,Needs hierarchical variables to be meaningful. Currently forced a whitelist of the employed values only into the ejs.,http://stat.data.abs.gov.au/restsdmx/sdmx.ashx/GetDataStructure/ABS_CENSUS2011_B42_LGA
TRUE,Labour Force,,Status,by Age by Sex,ABS_CENSUS2011_B42_SA1_SA,SA1_SA,TRUE,,MEASURE,AGE,,B,,,,,Not all the data available in this dataset is displayed here.,,TRUE,http://stat.data.abs.gov.au/sdmx-json/dataflow/ABS_CENSUS2011_B42_SA1_SA,Needs hierarchical variables to be meaningful. Currently forced a whitelist of the employed values only into the ejs.,http://stat.data.abs.gov.au/restsdmx/sdmx.ashx/GetDataStructure/ABS_CENSUS2011_B42_SA1_SA
TRUE,Person,,Industry of Employment,by Age by Sex,ABS_CENSUS2011_B43,SAx,TRUE,,MEASURE,AGE,,B,,,,,,,TRUE,http://stat.data.abs.gov.au/sdmx-json/dataflow/ABS_CENSUS2011_B43,,http://stat.data.abs.gov.au/restsdmx/sdmx.ashx/GetDataStructure/ABS_CENSUS2011_B43
TRUE,Person,,Industry of Employment,by Age by Sex,ABS_CENSUS2011_B43_LGA,LGA2011,TRUE,,MEASURE,AGE,,B,,,,,,,TRUE,http://stat.data.abs.gov.au/sdmx-json/dataflow/ABS_CENSUS2011_B43_LGA,,http://stat.data.abs.gov.au/restsdmx/sdmx.ashx/GetDataStructure/ABS_CENSUS2011_B43_LGA
TRUE,Person,,Industry of Employment,by Age by Sex,ABS_CENSUS2011_B43_SA1_SA,SA1_SA,TRUE,,MEASURE,AGE,,B,,,,,,,TRUE,http://stat.data.abs.gov.au/sdmx-json/dataflow/ABS_CENSUS2011_B43_SA1_SA,,http://stat.data.abs.gov.au/restsdmx/sdmx.ashx/GetDataStructure/ABS_CENSUS2011_B43_SA1_SA
TRUE,Person,,Industry of Employment,by Occupation,ABS_CENSUS2011_B44,SAx,TRUE,,,AGE,,B,,,,,,,TRUE,http://stat.data.abs.gov.au/sdmx-json/dataflow/ABS_CENSUS2011_B44,,http://stat.data.abs.gov.au/restsdmx/sdmx.ashx/GetDataStructure/ABS_CENSUS2011_B44
TRUE,Person,,Industry of Employment,by Occupation,ABS_CENSUS2011_B44_LGA,LGA2011,TRUE,,,AGE,,B,,,,,,,TRUE,http://stat.data.abs.gov.au/sdmx-json/dataflow/ABS_CENSUS2011_B44_LGA,,http://stat.data.abs.gov.au/restsdmx/sdmx.ashx/GetDataStructure/ABS_CENSUS2011_B44_LGA
TRUE,Person,,Industry of Employment,by Occupation,ABS_CENSUS2011_B44_SA1_SA,SA1_SA,TRUE,,,AGE,,B,,,,,,,TRUE,http://stat.data.abs.gov.au/sdmx-json/dataflow/ABS_CENSUS2011_B44_SA1_SA,,http://stat.data.abs.gov.au/restsdmx/sdmx.ashx/GetDataStructure/ABS_CENSUS2011_B44_SA1_SA
TRUE,Person,,Occupation,by Age by Sex,ABS_CENSUS2011_B45,SAx,TRUE,,SEX,MEASURE,,B,,,,,,,TRUE,http://stat.data.abs.gov.au/sdmx-json/dataflow/ABS_CENSUS2011_B45,,http://stat.data.abs.gov.au/restsdmx/sdmx.ashx/GetDataStructure/ABS_CENSUS2011_B45
TRUE,Person,,Occupation,by Age by Sex,ABS_CENSUS2011_B45_LGA,LGA2011,TRUE,,SEX,MEASURE,,B,,,,,,,TRUE,http://stat.data.abs.gov.au/sdmx-json/dataflow/ABS_CENSUS2011_B45_LGA,,http://stat.data.abs.gov.au/restsdmx/sdmx.ashx/GetDataStructure/ABS_CENSUS2011_B45_LGA
TRUE,Person,,Occupation,by Age by Sex,ABS_CENSUS2011_B45_SA1_SA,SA1_SA,TRUE,,SEX,MEASURE,,B,,,,,,,TRUE,http://stat.data.abs.gov.au/sdmx-json/dataflow/ABS_CENSUS2011_B45_SA1_SA,Needs hierarchical variables to be meaningful. Currently forced a whitelist of the totals and 1 method of travel only into the ejs.,http://stat.data.abs.gov.au/restsdmx/sdmx.ashx/GetDataStructure/ABS_CENSUS2011_B45_SA1_SA
TRUE,Person,,Method of Travel to Work,by Sex,ABS_CENSUS2011_B46,SAx,TRUE,,MEASURE,AGE,,B,,,,,,,TRUE,http://stat.data.abs.gov.au/sdmx-json/dataflow/ABS_CENSUS2011_B46,,http://stat.data.abs.gov.au/restsdmx/sdmx.ashx/GetDataStructure/ABS_CENSUS2011_B46
TRUE,Person,,Method of Travel to Work,by Sex,ABS_CENSUS2011_B46_LGA,LGA2011,TRUE,,MEASURE,AGE,,B,,,,,,,TRUE,http://stat.data.abs.gov.au/sdmx-json/dataflow/ABS_CENSUS2011_B46_LGA,,http://stat.data.abs.gov.au/restsdmx/sdmx.ashx/GetDataStructure/ABS_CENSUS2011_B46_LGA
TRUE,Person,,Method of Travel to Work,by Sex,ABS_CENSUS2011_B46_SA1_SA,SA1_SA,TRUE,,MEASURE,AGE,,B,,,,,,,TRUE,http://stat.data.abs.gov.au/sdmx-json/dataflow/ABS_CENSUS2011_B46_SA1_SA,,http://stat.data.abs.gov.au/restsdmx/sdmx.ashx/GetDataStructure/ABS_CENSUS2011_B46_SA1_SA
TRUE,Births and Deaths,,Deaths at Year of Occurrence,by Month by Sex,DEATHS_MONTHOCCURENCE,,FALSE,['MEASURE'],SEX_ABS,AGE,ASGS_2011,,ste,,,['4'],,,TRUE,http://stat.data.abs.gov.au/sdmx-json/dataflow/DEATHS_MONTHOCCURENCE,Deaths and infant deaths only,http://stat.data.abs.gov.au/restsdmx/sdmx.ashx/GetDataStructure/DEATHS_MONTHOCCURENCE
TRUE,Births and Deaths,,Deaths at Year of Occurrence,by Age by Sex,DEATHS_AGESPECIFIC_OCCURENCEYEAR,,FALSE,['MEASURE'],SEX_ABS,AGE,ASGS_2011,,ste,,,['4'],,,TRUE,http://stat.data.abs.gov.au/sdmx-json/dataflow/DEATHS_AGESPECIFIC_OCCURENCEYEAR,"Population, deaths, age-specific death rate only",http://stat.data.abs.gov.au/restsdmx/sdmx.ashx/GetDataStructure/DEATHS_AGESPECIFIC_OCCURENCEYEAR
TRUE,Births and Deaths,,Deaths at Year of Registration,by Age by Sex,DEATHS_AGESPECIFIC_REGISTRATIONYEAR,,FALSE,['MEASURE'],SEX_ABS,AGE,ASGS_2011,,ste,,,['4'],,,TRUE,http://stat.data.abs.gov.au/sdmx-json/dataflow/DEATHS_AGESPECIFIC_REGISTRATIONYEAR,"Population, deaths, age-specific death rate only",http://stat.data.abs.gov.au/restsdmx/sdmx.ashx/GetDataStructure/DEATHS_AGESPECIFIC_REGISTRATIONYEAR
TRUE,Births and Deaths,,Deaths at Year of Registration,by Indigenous Status by Age by Sex,DEATHS_INDIGENOUS,,FALSE,['MEASURE'],SEX_ABS,AGE,REGION_DEATHS,,ste,,,['4'],,,TRUE,http://stat.data.abs.gov.au/sdmx-json/dataflow/DEATHS_INDIGENOUS,"Population, deaths, age-specific death rate, ""rate ratio"" only",http://stat.data.abs.gov.au/restsdmx/sdmx.ashx/GetDataStructure/DEATHS_INDIGENOUS
TRUE,Births and Deaths,Births and Deaths Data ,At Year of Registration,by Indigenous Status by Sex,DEATHS_INDIGENOUS_SUMMARY,,FALSE,['MEASURE'],SEX_ABS,AGE,REGION,,ste,,,['3'],,,TRUE,http://stat.data.abs.gov.au/sdmx-json/dataflow/DEATHS_INDIGENOUS_SUMMARY,,http://stat.data.abs.gov.au/restsdmx/sdmx.ashx/GetDataStructure/DEATHS_INDIGENOUS_SUMMARY
TRUE,Births and Deaths,,Deaths at Year of Registration,Deaths by Marital Status by Age by Sex,DEATHS_MARITAL_STATUS,,FALSE,,,AGE,ASGS_2011,,aus,,,,,,TRUE,http://stat.data.abs.gov.au/sdmx-json/dataflow/DEATHS_MARITAL_STATUS,"It does have a sex dimension named SEX_ABS, but it does not have a total persons code (3) defined. Included ""deaths"" in my naming because the MEASURE dimension only has one value, deaths, so it does not appear in the UI.",http://stat.data.abs.gov.au/restsdmx/sdmx.ashx/GetDataStructure/DEATHS_MARITAL_STATUS
TRUE,Births and Deaths,Births and Deaths Data ,At Year of Registration,by Sex,DEATHS_SUMMARY,,FALSE,['MEASURE'],SEX_ABS,AGE,ASGS_2011,,ste,,,['3'],,,TRUE,http://stat.data.abs.gov.au/sdmx-json/dataflow/DEATHS_SUMMARY,,http://stat.data.abs.gov.au/restsdmx/sdmx.ashx/GetDataStructure/DEATHS_SUMMARY
TRUE,Estimated Resident Population,,Annual ERP,by LGA (ASGS 2013),ABS_ANNUAL_ERP_LGA,LGA,FALSE,,,AGE,,,,,,,,,TRUE,http://stat.data.abs.gov.au/sdmx-json/dataflow/ABS_ANNUAL_ERP_LGA,,http://stat.data.abs.gov.au/restsdmx/sdmx.ashx/GetDataStructure/ABS_ANNUAL_ERP_LGA
TRUE,Estimated Resident Population,,Annual ERP by Age by Sex,by LGA (ASGS 2013),ABS_ERP_LGA,,FALSE,,SEX_ABS,AGE,LGA_2013,,lga_code_2013,,,,,,TRUE,http://stat.data.abs.gov.au/sdmx-json/dataflow/ABS_ERP_LGA,Leave out geoType because it has no REGIONTYPE dimension.,http://stat.data.abs.gov.au/restsdmx/sdmx.ashx/GetDataStructure/ABS_ERP_LGA
TRUE,Estimated Resident Population,,Annual ERP,by LGA (ASGS 2014),ABS_ANNUAL_ERP_LGA2014,LGA2014,FALSE,,,AGE,LGA2014,,lga_code_2014,,,,,,TRUE,http://stat.data.abs.gov.au/sdmx-json/dataflow/ABS_ANNUAL_ERP_LGA2014,,http://stat.data.abs.gov.au/restsdmx/sdmx.ashx/GetDataStructure/ABS_ANNUAL_ERP_LGA2014
TRUE,Estimated Resident Population,,Annual ERP by Age by Sex,by LGA (ASGS 2014),ABS_ERP_LGA2014,,FALSE,,SEX_ABS,AGE,LGA2014,,lga_code_2014,,,,,,TRUE,http://stat.data.abs.gov.au/sdmx-json/dataflow/ABS_ERP_LGA2014,,http://stat.data.abs.gov.au/restsdmx/sdmx.ashx/GetDataStructure/ABS_ERP_LGA2014
TRUE,Estimated Resident Population,,Annual ERP,by LGA (ASGS 2015),ABS_ERP_LGA2015,LGA2015,FALSE,,,AGE,LGA_2015,,lga_code_2015,,,,,,TRUE,http://stat.data.abs.gov.au/sdmx-json/dataflow/ABS_ERP_LGA2015,,http://stat.data.abs.gov.au/restsdmx/sdmx.ashx/GetDataStructure/ABS_ERP_LGA2015
TRUE,Estimated Resident Population,,Annual ERP by Age by Sex,by LGA (ASGS 2015),ABS_ANNUAL_ERP_LGA2015,,FALSE,,SEX_ABS,AGE,LGA_2015,,lga_code_2015,,,,,,TRUE,http://stat.data.abs.gov.au/sdmx-json/dataflow/ABS_ANNUAL_ERP_LGA2015,,http://stat.data.abs.gov.au/restsdmx/sdmx.ashx/GetDataStructure/ABS_ANNUAL_ERP_LGA2015
TRUE,Estimated Resident Population,,Annual ERP by Age by Sex,by Statistical Area,ABS_ERP_ASGS,,FALSE,,SEX_ABS,AGE,ASGS_2011,,ste,,,,,,TRUE,http://stat.data.abs.gov.au/sdmx-json/dataflow/ABS_ERP_ASGS,,http://stat.data.abs.gov.au/restsdmx/sdmx.ashx/GetDataStructure/ABS_ERP_ASGS
TRUE,Estimated Resident Population,,Annual ERP,by Statistical Area,ABS_ANNUAL_ERP_ASGS,,FALSE,,,AGE,ASGS_2011,,ste,,,,,,TRUE,http://stat.data.abs.gov.au/sdmx-json/dataflow/ABS_ANNUAL_ERP_ASGS,,http://stat.data.abs.gov.au/restsdmx/sdmx.ashx/GetDataStructure/ABS_ANNUAL_ERP_ASGS
TRUE,Estimated Resident Population,,Annual ERP by Country of Birth,by State and Territories,ABS_ERP_COB_STATE,,FALSE,,SEX_ABS,AGE,ASGS_2011,,ste,,,,,,TRUE,http://stat.data.abs.gov.au/sdmx-json/dataflow/ABS_ERP_COB_STATE,"The COB dimension says it has a TOTAL, but that fails. So do country groupings with codes 1-16.",http://stat.data.abs.gov.au/restsdmx/sdmx.ashx/GetDataStructure/ABS_ERP_COB_STATE
FALSE,,,Export Price Index,,ITPI_EXPORT,SAx,TRUE,,,AGE,,,,,,,,,FALSE,http://stat.data.abs.gov.au/sdmx-json/dataflow/ITPI_EXPORT,No region dimension.,http://stat.data.abs.gov.au/restsdmx/sdmx.ashx/GetDataStructure/ITPI_EXPORT
TRUE,"Projections, 2011 to 2036",,Family Projections,,ABS_FAMILY_PROJ,,TRUE,['PROJ_SERIES'],,AGE,ASGS_2011_STATE_GCCSA_SA4_SA3_SA2,,ste,,,,"The meaning of the different series is described at http://www.abs.gov.au/ausstats/abs@.nsf/Lookup/3236.0main+features92011%20to%202036 , although they are named Series A to C (not I to III) there.",,TRUE,http://stat.data.abs.gov.au/sdmx-json/dataflow/ABS_FAMILY_PROJ,No explanation on the ABS.Stat site about what PROJ_SERIES (Series I to III) means,http://stat.data.abs.gov.au/restsdmx/sdmx.ashx/GetDataStructure/ABS_FAMILY_PROJ
TRUE,"Projections, 2011 to 2036",,Household Projections,,ABS_HH_PROV,,TRUE,['PROJ_SERIES'],,AGE,ASGS_2011_STATE_GCCSA_SA4_SA3_SA2,,ste,,,,"The meaning of the different series is described at http://www.abs.gov.au/ausstats/abs@.nsf/Lookup/3236.0main+features92011%20to%202036 , although they are named Series A to C (not I to III) there.",,TRUE,http://stat.data.abs.gov.au/sdmx-json/dataflow/ABS_HH_PROV,No explanation on the ABS.Stat site about what PROJ_SERIES (Series I to III) means,http://stat.data.abs.gov.au/restsdmx/sdmx.ashx/GetDataStructure/ABS_HH_PROV
TRUE,To be classified,,Housing Finance,,HF,,TRUE,"['DT', 'TSEST']",,AGE,ASGC_2010,,ste,,,,,,TRUE,http://stat.data.abs.gov.au/sdmx-json/dataflow/HF,,http://stat.data.abs.gov.au/restsdmx/sdmx.ashx/GetDataStructure/HF
FALSE,,,Import Price Index,,ITPI_IMPORT,,,,,,,,,,,,,,FALSE,http://stat.data.abs.gov.au/sdmx-json/dataflow/ITPI_IMPORT,No region dimension.,http://stat.data.abs.gov.au/restsdmx/sdmx.ashx/GetDataStructure/ITPI_IMPORT
TRUE,Births and Deaths,,Infant Deaths at Year of Registration,by Age by Sex,INFANTDEATHS_REGISTRATIONYEAR,,FALSE,['MEASURE'],SEX_ABS,,ASGS_2011,,ste,"['4', '9']",,,,,TRUE,http://stat.data.abs.gov.au/sdmx-json/dataflow/INFANTDEATHS_REGISTRATIONYEAR,"Measure id 3, Births, has no data.",http://stat.data.abs.gov.au/restsdmx/sdmx.ashx/GetDataStructure/INFANTDEATHS_REGISTRATIONYEAR
TRUE,Births and Deaths,,Infant Deaths at Year of Occurrence,by Age by Sex,INFANTDEATHS_YEAROCCURENCE,,FALSE,['MEASURE'],SEX_ABS,,ASGS_2011,,ste,,,,,,TRUE,http://stat.data.abs.gov.au/sdmx-json/dataflow/INFANTDEATHS_YEAROCCURENCE,,http://stat.data.abs.gov.au/restsdmx/sdmx.ashx/GetDataStructure/INFANTDEATHS_YEAROCCURENCE
FALSE,,,International Investment Position,,IIP_DSID5671,,,,,,,,,,,,,,FALSE,http://stat.data.abs.gov.au/sdmx-json/dataflow/IIP_DSID5671,No region dimension.,http://stat.data.abs.gov.au/restsdmx/sdmx.ashx/GetDataStructure/IIP_DSID5671
TRUE,To be classified,,Interstate Migration,"by State or Territory of Arrival, by Sex",ABS_DEM_QIM,,FALSE,,SEX_ABS,,STATE,,ste,,,,,,TRUE,http://stat.data.abs.gov.au/sdmx-json/dataflow/ABS_DEM_QIM,I've split this into two so the user can choose whether to choropleth on arrival or departure state.,http://stat.data.abs.gov.au/restsdmx/sdmx.ashx/GetDataStructure/ABS_DEM_QIM
TRUE,To be classified,,Interstate Migration,"by State or Territory of Departure, by Sex",ABS_DEM_QIM,,FALSE,,SEX_ABS,,ASGS_2011,,ste,,,,,,TRUE,http://stat.data.abs.gov.au/sdmx-json/dataflow/ABS_DEM_QIM,,http://stat.data.abs.gov.au/restsdmx/sdmx.ashx/GetDataStructure/ABS_DEM_QIM
TRUE,To be classified,,Labour Force,,LF,,FALSE,"['ITEM', 'TSEST', 'AGE']",SEX_ABS,,ASGC_2010,,ste,,,,,,TRUE,http://stat.data.abs.gov.au/sdmx-json/dataflow/LF,"The AGE dimension very non-standard, with only two values, 1519 for 15-19, and 1599 for 15 and over.  1519 has no data; I have excluded this in the json.",http://stat.data.abs.gov.au/restsdmx/sdmx.ashx/GetDataStructure/LF
TRUE,To be classified,,Land cover changes between 2005 and 2011,,ABS_LAND_COVER,,FALSE,,,,NRM_2012,,nrmr,,,,,,TRUE,http://stat.data.abs.gov.au/sdmx-json/dataflow/ABS_LAND_COVER,"DLC_11 ""total"" code T not present.",http://stat.data.abs.gov.au/restsdmx/sdmx.ashx/GetDataStructure/ABS_LAND_COVER
TRUE,To be classified,,Land Management Practices Survey,,ABS_LAMPS,,FALSE,"['MEASURE', 'MGT_PRACTICE']",,,,,ste,,,,,,TRUE,http://stat.data.abs.gov.au/sdmx-json/dataflow/ABS_LAMPS,"Region contains an extraneous value ""STE"". The HEADER ids in MGT_PRACTICE give errors. Really needs a hierarchy on MGT_PRACTICE to be easy to use.",http://stat.data.abs.gov.au/restsdmx/sdmx.ashx/GetDataStructure/ABS_LAMPS
TRUE,To be classified (not working yet),,Land use net change matrix 2006 to 2011,,ABS_LAND_USE,SAx,TRUE,,,AGE,,,,,,,,,,http://stat.data.abs.gov.au/sdmx-json/dataflow/ABS_LAND_USE,,http://stat.data.abs.gov.au/restsdmx/sdmx.ashx/GetDataStructure/ABS_LAND_USE
TRUE,To be classified (not working yet),,Lending Finance,by Industry,LENDING_INDUSTRY,SAx,TRUE,,,AGE,,,,,,,,,,http://stat.data.abs.gov.au/sdmx-json/dataflow/LENDING_INDUSTRY,,http://stat.data.abs.gov.au/restsdmx/sdmx.ashx/GetDataStructure/LENDING_INDUSTRY
TRUE,To be classified (not working yet),,Lending Finance,by Purpose,LENDING_BY_PURPOSE,SAx,TRUE,,,AGE,,,,,,,,,,http://stat.data.abs.gov.au/sdmx-json/dataflow/LENDING_BY_PURPOSE,,http://stat.data.abs.gov.au/restsdmx/sdmx.ashx/GetDataStructure/LENDING_BY_PURPOSE
TRUE,To be classified (not working yet),,Lending Finance Commitments,,LENDING_FINANCE_SUMMARY,SAx,TRUE,,,AGE,,,,,,,,,,http://stat.data.abs.gov.au/sdmx-json/dataflow/LENDING_FINANCE_SUMMARY,,http://stat.data.abs.gov.au/restsdmx/sdmx.ashx/GetDataStructure/LENDING_FINANCE_SUMMARY
TRUE,To be classified (not working yet),,Merchandise Exports - ($ Thousands),,MERCH_EXP,SAx,TRUE,,,AGE,,,,,,,,,,http://stat.data.abs.gov.au/sdmx-json/dataflow/MERCH_EXP,,http://stat.data.abs.gov.au/restsdmx/sdmx.ashx/GetDataStructure/MERCH_EXP
TRUE,To be classified (not working yet),,Merchandise Imports - ($ Thousands),,MERCH_IMP,SAx,TRUE,,,AGE,,,,,,,,,,http://stat.data.abs.gov.au/sdmx-json/dataflow/MERCH_IMP,,http://stat.data.abs.gov.au/restsdmx/sdmx.ashx/GetDataStructure/MERCH_IMP
TRUE,To be classified (not working yet),,Mineral Exploration,,MINING_EXPLORATION,SAx,TRUE,,,AGE,,,,,,,,,,http://stat.data.abs.gov.au/sdmx-json/dataflow/MINING_EXPLORATION,,http://stat.data.abs.gov.au/restsdmx/sdmx.ashx/GetDataStructure/MINING_EXPLORATION
TRUE,To be classified (not working yet),,Monetary account for land use 2006 to 2011,,ABS_MONETARY_ACCOUNT,SAx,TRUE,,,AGE,,,,,,,,,,http://stat.data.abs.gov.au/sdmx-json/dataflow/ABS_MONETARY_ACCOUNT,,http://stat.data.abs.gov.au/restsdmx/sdmx.ashx/GetDataStructure/ABS_MONETARY_ACCOUNT
TRUE,Migration (not working yet),,"Net Interstate Migration, Calendar years 1997 to 2015",,INTERSTATEMIGRATION_CY,SAx,FALSE,,MEASURE,AGE,ASGS_2011,,,,,,,,,http://stat.data.abs.gov.au/sdmx-json/dataflow/INTERSTATEMIGRATION_CY,,http://stat.data.abs.gov.au/restsdmx/sdmx.ashx/GetDataStructure/INTERSTATEMIGRATION_CY
TRUE,Migration (not working yet),,"Net Interstate Migration, Financial years 1996-97 to 2014-15",,INTERSTATEMIGRATION_FY,SAx,FALSE,,,,,,,,,,,,,http://stat.data.abs.gov.au/sdmx-json/dataflow/INTERSTATEMIGRATION_FY,,http://stat.data.abs.gov.au/restsdmx/sdmx.ashx/GetDataStructure/INTERSTATEMIGRATION_FY
TRUE,Migration (not working yet),,"Net overseas migration, Arrivals and Departures, State/Territory, Major groupings and visa, Financial years 2004-05 to 2013-14",,ABS_NOM_VISA_FY,SAx,FALSE,,,,,,,,,,,,,http://stat.data.abs.gov.au/sdmx-json/dataflow/ABS_NOM_VISA_FY,,http://stat.data.abs.gov.au/restsdmx/sdmx.ashx/GetDataStructure/ABS_NOM_VISA_FY
TRUE,Migration (not working yet),,"Net Overseas Migration, Calendar years 2004 to 2015",,NETOVERSEASMIGRATION_CY,SAx,FALSE,,,,ASGS_2011,,,,,,,,,http://stat.data.abs.gov.au/sdmx-json/dataflow/NETOVERSEASMIGRATION_CY,,http://stat.data.abs.gov.au/restsdmx/sdmx.ashx/GetDataStructure/NETOVERSEASMIGRATION_CY
TRUE,Migration (not working yet),,"Net Overseas Migration, Financial years 2004-05 to 2014-15",,NETOVERSEASMIGRATION_FY,SAx,FALSE,,,,,,,,,,,,,http://stat.data.abs.gov.au/sdmx-json/dataflow/NETOVERSEASMIGRATION_FY,,http://stat.data.abs.gov.au/restsdmx/sdmx.ashx/GetDataStructure/NETOVERSEASMIGRATION_FY
TRUE,Migration (not working yet),,"Net oveseas migration, Arrivals and Departures, State/Territory, Major groupings and visa, Calendar years 2004 to 2013",,ABS_NOM_VISA_CY,SAx,FALSE,,,,,,,,,,,,,http://stat.data.abs.gov.au/sdmx-json/dataflow/ABS_NOM_VISA_CY,,http://stat.data.abs.gov.au/restsdmx/sdmx.ashx/GetDataStructure/ABS_NOM_VISA_CY
TRUE,To be classified (not working yet),,"Persons Projections, Australia, 2011 to 2036",,ABS_PERSONS_PROJ,SAx,TRUE,,,AGE,,,,,,,,,,http://stat.data.abs.gov.au/sdmx-json/dataflow/ABS_PERSONS_PROJ,,http://stat.data.abs.gov.au/restsdmx/sdmx.ashx/GetDataStructure/ABS_PERSONS_PROJ
TRUE,To be classified (not working yet),,Petroleum Exploration,,PETROLEUM_EXPLORATION,SAx,TRUE,,,AGE,,,,,,,,,,http://stat.data.abs.gov.au/sdmx-json/dataflow/PETROLEUM_EXPLORATION,,http://stat.data.abs.gov.au/restsdmx/sdmx.ashx/GetDataStructure/PETROLEUM_EXPLORATION
TRUE,To be classified (not working yet),,Physical account for land cover 2006 to 2011,,ABS_PHYSICAL_ACCOUNT_LC,SAx,TRUE,,,AGE,,,,,,,,,,http://stat.data.abs.gov.au/sdmx-json/dataflow/ABS_PHYSICAL_ACCOUNT_LC,,http://stat.data.abs.gov.au/restsdmx/sdmx.ashx/GetDataStructure/ABS_PHYSICAL_ACCOUNT_LC
TRUE,To be classified (not working yet),,Physical account for land use 2006 to 2011,,ABS_PHYSICAL_ACCOUNT_LU,SAx,TRUE,,,AGE,,,,,,,,,,http://stat.data.abs.gov.au/sdmx-json/dataflow/ABS_PHYSICAL_ACCOUNT_LU,,http://stat.data.abs.gov.au/restsdmx/sdmx.ashx/GetDataStructure/ABS_PHYSICAL_ACCOUNT_LU
TRUE,To be classified (not working yet),,Population clock component data,,POPULATION_CLOCK_FY,SAx,TRUE,,,AGE,,,,,,,,,,http://stat.data.abs.gov.au/sdmx-json/dataflow/POPULATION_CLOCK_FY,,http://stat.data.abs.gov.au/restsdmx/sdmx.ashx/GetDataStructure/POPULATION_CLOCK_FY
TRUE,To be classified (not working yet),,Population Projections,"by Region, 2012-2061",POP_PROJ_REGION_2012_2061,SAx,TRUE,,,AGE,,,,,,,,,,http://stat.data.abs.gov.au/sdmx-json/dataflow/POP_PROJ_REGION_2012_2061,,http://stat.data.abs.gov.au/restsdmx/sdmx.ashx/GetDataStructure/POP_PROJ_REGION_2012_2061
TRUE,To be classified (not working yet),,"Population Projections, Australia, 2012-2101",,POP_PROJ_2011,SAx,TRUE,,,AGE,,,,,,,,,,http://stat.data.abs.gov.au/sdmx-json/dataflow/POP_PROJ_2011,,http://stat.data.abs.gov.au/restsdmx/sdmx.ashx/GetDataStructure/POP_PROJ_2011
TRUE,To be classified (not working yet),,Private New Capital Expenditure and Expected Expenditure,,CAPEX,SAx,TRUE,,,AGE,,,,,,,,,,http://stat.data.abs.gov.au/sdmx-json/dataflow/CAPEX,,http://stat.data.abs.gov.au/restsdmx/sdmx.ashx/GetDataStructure/CAPEX
TRUE,To be classified (not working yet),,Producer Price Index - Stage of Production,,PPI_SOP,SAx,TRUE,,,AGE,,,,,,,,,,http://stat.data.abs.gov.au/sdmx-json/dataflow/PPI_SOP,,http://stat.data.abs.gov.au/restsdmx/sdmx.ashx/GetDataStructure/PPI_SOP
TRUE,To be classified (not working yet),,Producer Price Indexes,by Industry,PPI_1,SAx,TRUE,,,AGE,,,,,,,,,,http://stat.data.abs.gov.au/sdmx-json/dataflow/PPI_1,,http://stat.data.abs.gov.au/restsdmx/sdmx.ashx/GetDataStructure/PPI_1
TRUE,To be classified (not working yet),,"Quarterly Population Estimates (ERP),","by State/Territory, Sex and Age",ERP_QUARTERLY,SAx,TRUE,,,AGE,,,,,,,,,,http://stat.data.abs.gov.au/sdmx-json/dataflow/ERP_QUARTERLY,,http://stat.data.abs.gov.au/restsdmx/sdmx.ashx/GetDataStructure/ERP_QUARTERLY
TRUE,Migration (not working yet),,Regional Internal Migration Estimates,"by LGA2011, 2006-07 to 2014-15",RIME_LGA2011,SAx,FALSE,,RIM,,LGA_2011,,,,,,,,,http://stat.data.abs.gov.au/sdmx-json/dataflow/RIME_LGA2011,,http://stat.data.abs.gov.au/restsdmx/sdmx.ashx/GetDataStructure/RIME_LGA2011
TRUE,Migration (not working yet),,Regional Internal Migration Estimates,"by Region (SA2 and above), 2006-07 to 2014-15",RIME_REGION,SAx,TRUE,,,AGE,,,,,,,,,,http://stat.data.abs.gov.au/sdmx-json/dataflow/RIME_REGION,,http://stat.data.abs.gov.au/restsdmx/sdmx.ashx/GetDataStructure/RIME_REGION
TRUE,Migration (not working yet),,Regional Internal Migration Estimates,"by Region (SA3 and above), Age and Sex, 2006-07 to 2014-15",RIN_SA34_GCCSA_STE,SAx,TRUE,,,AGE,,,,,,,,,,http://stat.data.abs.gov.au/sdmx-json/dataflow/RIN_SA34_GCCSA_STE,,http://stat.data.abs.gov.au/restsdmx/sdmx.ashx/GetDataStructure/RIN_SA34_GCCSA_STE
TRUE,Migration (not working yet),,Regional Internal Migration Estimates,"by Region of Arrival and Departure (SA4 and above), 2006-07 to 2014-15",RIM_SA4_GCCSA_STE_H,SAx,TRUE,,,AGE,,,,,,,,,,http://stat.data.abs.gov.au/sdmx-json/dataflow/RIM_SA4_GCCSA_STE_H,,http://stat.data.abs.gov.au/restsdmx/sdmx.ashx/GetDataStructure/RIM_SA4_GCCSA_STE_H
TRUE,Regional Statistics,,Regional Statistics,"by ASGS, 2010-2014",ABS_REGIONAL_ASGS,SAx,TRUE,,,AGE,,,,,,,,,,http://stat.data.abs.gov.au/sdmx-json/dataflow/ABS_REGIONAL_ASGS,,http://stat.data.abs.gov.au/restsdmx/sdmx.ashx/GetDataStructure/ABS_REGIONAL_ASGS
TRUE,Regional Statistics,,Regional Statistics,"by LGA, 2010-2014",ABS_REGIONAL_LGA,SAx,TRUE,,,AGE,,,,,,,,,,http://stat.data.abs.gov.au/sdmx-json/dataflow/ABS_REGIONAL_LGA,,http://stat.data.abs.gov.au/restsdmx/sdmx.ashx/GetDataStructure/ABS_REGIONAL_LGA
TRUE,Dwelling,,"Residential Dwellings: Values, Mean Price and Number",by State and Territories,RES_DWEL_ST,SAx,FALSE,['MEASURE'],,,ASGS_2011,,,,,,,,,http://stat.data.abs.gov.au/sdmx-json/dataflow/RES_DWEL_ST,,http://stat.data.abs.gov.au/restsdmx/sdmx.ashx/GetDataStructure/RES_DWEL_ST
TRUE,To be classified (not working yet),,Retail Trade,,RT,SAx,TRUE,,,AGE,,,,,,,,,,http://stat.data.abs.gov.au/sdmx-json/dataflow/RT,,http://stat.data.abs.gov.au/restsdmx/sdmx.ashx/GetDataStructure/RT
TRUE,To be classified (not working yet),,Sales of New Motor Vehicles,,NEWMVSALES,SAx,TRUE,,,AGE,,,,,,,,,,http://stat.data.abs.gov.au/sdmx-json/dataflow/NEWMVSALES,,http://stat.data.abs.gov.au/restsdmx/sdmx.ashx/GetDataStructure/NEWMVSALES
TRUE,To be classified (not working yet),,Wage Price Index,,LABOUR_PRICE_INDEX,SAx,TRUE,,,AGE,,,,,,,,,,http://stat.data.abs.gov.au/sdmx-json/dataflow/LABOUR_PRICE_INDEX,,http://stat.data.abs.gov.au/restsdmx/sdmx.ashx/GetDataStructure/LABOUR_PRICE_INDEX
TRUE,SEIFA,,SEIFA,by Local Government Area,ABS_SEIFA_LGA,LGA,FALSE,,,AGE,LGA_2011,,,,,,,,,http://stat.data.abs.gov.au/sdmx-json/dataflow/ABS_SEIFA_LGA,,http://stat.data.abs.gov.au/restsdmx/sdmx.ashx/GetDataStructure/ABS_SEIFA_LGA
TRUE,SEIFA,,SEIFA,by Postal Area Code,SEIFA_POA,SAx,FALSE,,,AGE,POA,,,,,,,,,http://stat.data.abs.gov.au/sdmx-json/dataflow/SEIFA_POA,,http://stat.data.abs.gov.au/restsdmx/sdmx.ashx/GetDataStructure/SEIFA_POA
TRUE,SEIFA,,SEIFA,by State Suburb Code,SEIFA_SSC,SAx,FALSE,,,AGE,SSC,,,,,,,,,http://stat.data.abs.gov.au/sdmx-json/dataflow/SEIFA_SSC,,http://stat.data.abs.gov.au/restsdmx/sdmx.ashx/GetDataStructure/SEIFA_SSC
TRUE,SEIFA,,SEIFA,by Statistical Area 1,SEIFA_SA1,SAx,FALSE,,,AGE,SA1_7DIGIT,,,,,,,,,http://stat.data.abs.gov.au/sdmx-json/dataflow/SEIFA_SA1,,http://stat.data.abs.gov.au/restsdmx/sdmx.ashx/GetDataStructure/SEIFA_SA1
TRUE,SEIFA,,SEIFA,by Statistical Area 2,ABS_SEIFA_SA2,SAx,FALSE,,,AGE,ASGS_2011,,,,,,,,,http://stat.data.abs.gov.au/sdmx-json/dataflow/ABS_SEIFA_SA2,,http://stat.data.abs.gov.au/restsdmx/sdmx.ashx/GetDataStructure/ABS_SEIFA_SA2
FALSE,Person,Characteristics,Selected Person Characteristics,,ABS_CENSUS2011_T01,SAx,TRUE,['SPC'],,AGE,,T,,,,,,,,http://stat.data.abs.gov.au/sdmx-json/dataflow/ABS_CENSUS2011_T01,,http://stat.data.abs.gov.au/restsdmx/sdmx.ashx/GetDataStructure/ABS_CENSUS2011_T01
FALSE,Person,Characteristics,Selected Person Characteristics,,ABS_CENSUS2011_T01_LGA,LGA,TRUE,['SPC'],,AGE,,T,,,,,,,,http://stat.data.abs.gov.au/sdmx-json/dataflow/ABS_CENSUS2011_T01_LGA,,http://stat.data.abs.gov.au/restsdmx/sdmx.ashx/GetDataStructure/ABS_CENSUS2011_T01_LGA
FALSE,Person,Characteristics,Selected Medians and Averages,,ABS_CENSUS2011_T02,SAx,TRUE,,,AGE,,T,,,,,,,,http://stat.data.abs.gov.au/sdmx-json/dataflow/ABS_CENSUS2011_T02,,http://stat.data.abs.gov.au/restsdmx/sdmx.ashx/GetDataStructure/ABS_CENSUS2011_T02
FALSE,Person,Characteristics,Selected Medians and Averages,,ABS_CENSUS2011_T02_LGA,LGA,TRUE,,,AGE,,T,,,,,,,,http://stat.data.abs.gov.au/sdmx-json/dataflow/ABS_CENSUS2011_T02_LGA,,http://stat.data.abs.gov.au/restsdmx/sdmx.ashx/GetDataStructure/ABS_CENSUS2011_T02_LGA
TRUE,Person,Age,Age,by Sex,ABS_CENSUS2011_T03,SAx,TRUE,,MEASURE,AGE,,T,,,,,,,,http://stat.data.abs.gov.au/sdmx-json/dataflow/ABS_CENSUS2011_T03,,http://stat.data.abs.gov.au/restsdmx/sdmx.ashx/GetDataStructure/ABS_CENSUS2011_T03
TRUE,Person,Age,Age,by Sex,ABS_CENSUS2011_T03_LGA,LGA,TRUE,,MEASURE,AGE,,T,,,,,,,,http://stat.data.abs.gov.au/sdmx-json/dataflow/ABS_CENSUS2011_T03_LGA,,http://stat.data.abs.gov.au/restsdmx/sdmx.ashx/GetDataStructure/ABS_CENSUS2011_T03_LGA
TRUE,Person,Marital Status,Registered Marital Status,by Age by Sex,ABS_CENSUS2011_T04,SAx,TRUE,,MEASURE,AGE,,T,,,,,,,,http://stat.data.abs.gov.au/sdmx-json/dataflow/ABS_CENSUS2011_T04,,http://stat.data.abs.gov.au/restsdmx/sdmx.ashx/GetDataStructure/ABS_CENSUS2011_T04
TRUE,Person,Marital Status,Registered Marital Status,by Age by Sex,ABS_CENSUS2011_T04_LGA,LGA,TRUE,,MEASURE,AGE,,T,,,,,,,,http://stat.data.abs.gov.au/sdmx-json/dataflow/ABS_CENSUS2011_T04_LGA,,http://stat.data.abs.gov.au/restsdmx/sdmx.ashx/GetDataStructure/ABS_CENSUS2011_T04_LGA
TRUE,Person,Marital Status,Social Marital Status,by Age by Sex,ABS_CENSUS2011_T05,SAx,TRUE,,MEASURE,AGE,,T,,,,,,,,http://stat.data.abs.gov.au/sdmx-json/dataflow/ABS_CENSUS2011_T05,,http://stat.data.abs.gov.au/restsdmx/sdmx.ashx/GetDataStructure/ABS_CENSUS2011_T05
TRUE,Person,Marital Status,Social Marital Status,by Age by Sex,ABS_CENSUS2011_T05_LGA,LGA,TRUE,,MEASURE,AGE,,T,,,,,,,,http://stat.data.abs.gov.au/sdmx-json/dataflow/ABS_CENSUS2011_T05_LGA,,http://stat.data.abs.gov.au/restsdmx/sdmx.ashx/GetDataStructure/ABS_CENSUS2011_T05_LGA
TRUE,Person,,Indigenous Status,by Age by Sex,ABS_CENSUS2011_T06,SAx,TRUE,,MEASURE,AGE,,T,,,,,,,,http://stat.data.abs.gov.au/sdmx-json/dataflow/ABS_CENSUS2011_T06,,http://stat.data.abs.gov.au/restsdmx/sdmx.ashx/GetDataStructure/ABS_CENSUS2011_T06
TRUE,Person,,Indigenous Status,by Age by Sex,ABS_CENSUS2011_T06_LGA,LGA,TRUE,,MEASURE,AGE,,T,,,,,,,,http://stat.data.abs.gov.au/sdmx-json/dataflow/ABS_CENSUS2011_T06_LGA,,http://stat.data.abs.gov.au/restsdmx/sdmx.ashx/GetDataStructure/ABS_CENSUS2011_T06_LGA
TRUE,Family,,Number of Children Ever Born,by Age of Parent,ABS_CENSUS2011_T07,SAx,TRUE,,,AGE,,T,,,,,,,,http://stat.data.abs.gov.au/sdmx-json/dataflow/ABS_CENSUS2011_T07,,http://stat.data.abs.gov.au/restsdmx/sdmx.ashx/GetDataStructure/ABS_CENSUS2011_T07
TRUE,Family,,Number of Children Ever Born,by Age of Parent,ABS_CENSUS2011_T07_LGA,LGA,TRUE,,,AGE,,T,,,,,,,,http://stat.data.abs.gov.au/sdmx-json/dataflow/ABS_CENSUS2011_T07_LGA,,http://stat.data.abs.gov.au/restsdmx/sdmx.ashx/GetDataStructure/ABS_CENSUS2011_T07_LGA
TRUE,Person,Background,Country of Birth,by Sex,ABS_CENSUS2011_T08,SAx,TRUE,,MEASURE,AGE,,T,,,,,,,,http://stat.data.abs.gov.au/sdmx-json/dataflow/ABS_CENSUS2011_T08,,http://stat.data.abs.gov.au/restsdmx/sdmx.ashx/GetDataStructure/ABS_CENSUS2011_T08
TRUE,Person,Background,Country of Birth,by Sex,ABS_CENSUS2011_T08_LGA,LGA,TRUE,,MEASURE,AGE,,T,,,,,,,,http://stat.data.abs.gov.au/sdmx-json/dataflow/ABS_CENSUS2011_T08_LGA,,http://stat.data.abs.gov.au/restsdmx/sdmx.ashx/GetDataStructure/ABS_CENSUS2011_T08_LGA
TRUE,Person,Background,Ancestry,by Birthplace of Parents,ABS_CENSUS2011_T09,SAx,TRUE,,,AGE,,T,,,,,,,,http://stat.data.abs.gov.au/sdmx-json/dataflow/ABS_CENSUS2011_T09,,http://stat.data.abs.gov.au/restsdmx/sdmx.ashx/GetDataStructure/ABS_CENSUS2011_T09
TRUE,Person,Background,Ancestry,by Birthplace of Parents,ABS_CENSUS2011_T09_LGA,LGA,TRUE,,,AGE,,T,,,,,,,,http://stat.data.abs.gov.au/sdmx-json/dataflow/ABS_CENSUS2011_T09_LGA,,http://stat.data.abs.gov.au/restsdmx/sdmx.ashx/GetDataStructure/ABS_CENSUS2011_T09_LGA
TRUE,Person,Background,Language Spoken at Home,by Sex,ABS_CENSUS2011_T10,SAx,TRUE,,MEASURE,AGE,,T,,,,,,,,http://stat.data.abs.gov.au/sdmx-json/dataflow/ABS_CENSUS2011_T10,,http://stat.data.abs.gov.au/restsdmx/sdmx.ashx/GetDataStructure/ABS_CENSUS2011_T10
TRUE,Person,Background,Language Spoken at Home,by Sex,ABS_CENSUS2011_T10_LGA,LGA,TRUE,,MEASURE,AGE,,T,,,,,,,,http://stat.data.abs.gov.au/sdmx-json/dataflow/ABS_CENSUS2011_T10_LGA,,http://stat.data.abs.gov.au/restsdmx/sdmx.ashx/GetDataStructure/ABS_CENSUS2011_T10_LGA
TRUE,Person,Background,Proficiency in Spoken English/Language,by Age,ABS_CENSUS2011_T11,SAx,TRUE,,,AGE,,T,,,,,,,,http://stat.data.abs.gov.au/sdmx-json/dataflow/ABS_CENSUS2011_T11,,http://stat.data.abs.gov.au/restsdmx/sdmx.ashx/GetDataStructure/ABS_CENSUS2011_T11
TRUE,Person,Background,Proficiency in Spoken English/Language,by Age,ABS_CENSUS2011_T11_LGA,LGA,TRUE,,,AGE,,T,,,,,,,,http://stat.data.abs.gov.au/sdmx-json/dataflow/ABS_CENSUS2011_T11_LGA,,http://stat.data.abs.gov.au/restsdmx/sdmx.ashx/GetDataStructure/ABS_CENSUS2011_T11_LGA
TRUE,Person,,Religious Affiliation,by Age,ABS_CENSUS2011_T12,SAx,TRUE,,,AGE,,T,,,,,,,,http://stat.data.abs.gov.au/sdmx-json/dataflow/ABS_CENSUS2011_T12,,http://stat.data.abs.gov.au/restsdmx/sdmx.ashx/GetDataStructure/ABS_CENSUS2011_T12
TRUE,Person,,Religious Affiliation,by Age,ABS_CENSUS2011_T12_LGA,LGA,TRUE,,,AGE,,T,,,,,,,,http://stat.data.abs.gov.au/sdmx-json/dataflow/ABS_CENSUS2011_T12_LGA,,http://stat.data.abs.gov.au/restsdmx/sdmx.ashx/GetDataStructure/ABS_CENSUS2011_T12_LGA
TRUE,Person,Education,Type of Educational Institution Attending,by Sex,ABS_CENSUS2011_T13,SAx,TRUE,,MEASURE,AGE,,T,,,,,,,,http://stat.data.abs.gov.au/sdmx-json/dataflow/ABS_CENSUS2011_T13,,http://stat.data.abs.gov.au/restsdmx/sdmx.ashx/GetDataStructure/ABS_CENSUS2011_T13
TRUE,Person,Education,Type of Educational Institution Attending,by Sex,ABS_CENSUS2011_T13_LGA,LGA,TRUE,,MEASURE,AGE,,T,,,,,,,,http://stat.data.abs.gov.au/sdmx-json/dataflow/ABS_CENSUS2011_T13_LGA,,http://stat.data.abs.gov.au/restsdmx/sdmx.ashx/GetDataStructure/ABS_CENSUS2011_T13_LGA
TRUE,Dwelling,,Dwelling Structure,by Household Composition and Family Composition,ABS_CENSUS2011_T14,SAx,TRUE,,,AGE,,T,,,,,,,,http://stat.data.abs.gov.au/sdmx-json/dataflow/ABS_CENSUS2011_T14,,http://stat.data.abs.gov.au/restsdmx/sdmx.ashx/GetDataStructure/ABS_CENSUS2011_T14
TRUE,Dwelling,,Dwelling Structure,by Household Composition and Family Composition,ABS_CENSUS2011_T14_LGA,LGA,TRUE,,,AGE,,T,,,,,,,,http://stat.data.abs.gov.au/sdmx-json/dataflow/ABS_CENSUS2011_T14_LGA,,http://stat.data.abs.gov.au/restsdmx/sdmx.ashx/GetDataStructure/ABS_CENSUS2011_T14_LGA
TRUE,Dwelling,,Dwelling Structure,by Number of Persons Usually Resident,ABS_CENSUS2011_T15,SAx,TRUE,,,AGE,,T,,,,,,,,http://stat.data.abs.gov.au/sdmx-json/dataflow/ABS_CENSUS2011_T15,,http://stat.data.abs.gov.au/restsdmx/sdmx.ashx/GetDataStructure/ABS_CENSUS2011_T15
TRUE,Dwelling,,Dwelling Structure,by Number of Persons Usually Resident,ABS_CENSUS2011_T15_LGA,LGA,TRUE,,,AGE,,T,,,,,,,,http://stat.data.abs.gov.au/sdmx-json/dataflow/ABS_CENSUS2011_T15_LGA,,http://stat.data.abs.gov.au/restsdmx/sdmx.ashx/GetDataStructure/ABS_CENSUS2011_T15_LGA
TRUE,Dwelling,,Dwelling Structure and Number of Bedrooms,by Number of Persons Usually Resident for Family Households,ABS_CENSUS2011_T16,SAx,TRUE,,,AGE,,T,,,,,,,,http://stat.data.abs.gov.au/sdmx-json/dataflow/ABS_CENSUS2011_T16,,http://stat.data.abs.gov.au/restsdmx/sdmx.ashx/GetDataStructure/ABS_CENSUS2011_T16
TRUE,Dwelling,,Dwelling Structure and Number of Bedrooms,by Number of Persons Usually Resident for Family Households,ABS_CENSUS2011_T16_LGA,LGA,TRUE,,,AGE,,T,,,,,,,,http://stat.data.abs.gov.au/sdmx-json/dataflow/ABS_CENSUS2011_T16_LGA,,http://stat.data.abs.gov.au/restsdmx/sdmx.ashx/GetDataStructure/ABS_CENSUS2011_T16_LGA
TRUE,Dwelling,,Dwelling Structure and Number of Bedrooms,by Number of Persons Usually Resident for Group Households,ABS_CENSUS2011_T17,SAx,TRUE,,,AGE,,T,,,,,,,,http://stat.data.abs.gov.au/sdmx-json/dataflow/ABS_CENSUS2011_T17,,http://stat.data.abs.gov.au/restsdmx/sdmx.ashx/GetDataStructure/ABS_CENSUS2011_T17
TRUE,Dwelling,,Dwelling Structure and Number of Bedrooms,by Number of Persons Usually Resident for Group Households,ABS_CENSUS2011_T17_LGA,LGA,TRUE,,,AGE,,T,,,,,,,,http://stat.data.abs.gov.au/sdmx-json/dataflow/ABS_CENSUS2011_T17_LGA,,http://stat.data.abs.gov.au/restsdmx/sdmx.ashx/GetDataStructure/ABS_CENSUS2011_T17_LGA
TRUE,Dwelling,,Tenure Type and Landlord Type,by Dwelling Structure,ABS_CENSUS2011_T18,SAx,TRUE,,,AGE,,T,,,,,,,,http://stat.data.abs.gov.au/sdmx-json/dataflow/ABS_CENSUS2011_T18,,http://stat.data.abs.gov.au/restsdmx/sdmx.ashx/GetDataStructure/ABS_CENSUS2011_T18
TRUE,Dwelling,,Tenure Type and Landlord Type,by Dwelling Structure,ABS_CENSUS2011_T18_LGA,LGA,TRUE,,,AGE,,T,,,,,,,,http://stat.data.abs.gov.au/sdmx-json/dataflow/ABS_CENSUS2011_T18_LGA,,http://stat.data.abs.gov.au/restsdmx/sdmx.ashx/GetDataStructure/ABS_CENSUS2011_T18_LGA
TRUE,Dwelling,,Rent,by Landlord Type,ABS_CENSUS2011_T19,SAx,TRUE,,,AGE,,T,,,,,,,,http://stat.data.abs.gov.au/sdmx-json/dataflow/ABS_CENSUS2011_T19,,http://stat.data.abs.gov.au/restsdmx/sdmx.ashx/GetDataStructure/ABS_CENSUS2011_T19
TRUE,Dwelling,,Rent,by Landlord Type,ABS_CENSUS2011_T19_LGA,LGA,TRUE,,,AGE,,T,,,,,,,,http://stat.data.abs.gov.au/sdmx-json/dataflow/ABS_CENSUS2011_T19_LGA,,http://stat.data.abs.gov.au/restsdmx/sdmx.ashx/GetDataStructure/ABS_CENSUS2011_T19_LGA
TRUE,Dwelling,,Rent,by Family Composition for Couple Families,ABS_CENSUS2011_T20,SAx,TRUE,,,AGE,,T,,,,,,,,http://stat.data.abs.gov.au/sdmx-json/dataflow/ABS_CENSUS2011_T20,,http://stat.data.abs.gov.au/restsdmx/sdmx.ashx/GetDataStructure/ABS_CENSUS2011_T20
TRUE,Dwelling,,Rent,by Family Composition for Couple Families,ABS_CENSUS2011_T20_LGA,LGA,TRUE,,,AGE,,T,,,,,,,,http://stat.data.abs.gov.au/sdmx-json/dataflow/ABS_CENSUS2011_T20_LGA,,http://stat.data.abs.gov.au/restsdmx/sdmx.ashx/GetDataStructure/ABS_CENSUS2011_T20_LGA
TRUE,Dwelling,,Rent,by Family Composition for One Parent Families,ABS_CENSUS2011_T21,SAx,TRUE,,,AGE,,T,,,,,,,,http://stat.data.abs.gov.au/sdmx-json/dataflow/ABS_CENSUS2011_T21,,http://stat.data.abs.gov.au/restsdmx/sdmx.ashx/GetDataStructure/ABS_CENSUS2011_T21
TRUE,Dwelling,,Rent,by Family Composition for One Parent Families,ABS_CENSUS2011_T21_LGA,LGA,TRUE,,,AGE,,T,,,,,,,,http://stat.data.abs.gov.au/sdmx-json/dataflow/ABS_CENSUS2011_T21_LGA,,http://stat.data.abs.gov.au/restsdmx/sdmx.ashx/GetDataStructure/ABS_CENSUS2011_T21_LGA
TRUE,Family,,Total Family Income,by Number of Children for Couple Families,ABS_CENSUS2011_T22,SAx,TRUE,,,AGE,,T,,,,,,,,http://stat.data.abs.gov.au/sdmx-json/dataflow/ABS_CENSUS2011_T22,,http://stat.data.abs.gov.au/restsdmx/sdmx.ashx/GetDataStructure/ABS_CENSUS2011_T22
TRUE,Family,,Total Family Income,by Number of Children for Couple Families,ABS_CENSUS2011_T22_LGA,LGA,TRUE,,,AGE,,T,,,,,,,,http://stat.data.abs.gov.au/sdmx-json/dataflow/ABS_CENSUS2011_T22_LGA,,http://stat.data.abs.gov.au/restsdmx/sdmx.ashx/GetDataStructure/ABS_CENSUS2011_T22_LGA
TRUE,Family,,Total Family Income,by Number of Children for One Parent Families,ABS_CENSUS2011_T23,SAx,TRUE,,,AGE,,T,,,,,,,,http://stat.data.abs.gov.au/sdmx-json/dataflow/ABS_CENSUS2011_T23,,http://stat.data.abs.gov.au/restsdmx/sdmx.ashx/GetDataStructure/ABS_CENSUS2011_T23
TRUE,Family,,Total Family Income,by Number of Children for One Parent Families,ABS_CENSUS2011_T23_LGA,LGA,TRUE,,,AGE,,T,,,,,,,,http://stat.data.abs.gov.au/sdmx-json/dataflow/ABS_CENSUS2011_T23_LGA,,http://stat.data.abs.gov.au/restsdmx/sdmx.ashx/GetDataStructure/ABS_CENSUS2011_T23_LGA
TRUE,Household,,Total Household Income,by Rent,ABS_CENSUS2011_T24,SAx,TRUE,,,AGE,,T,,,,,,,,http://stat.data.abs.gov.au/sdmx-json/dataflow/ABS_CENSUS2011_T24,,http://stat.data.abs.gov.au/restsdmx/sdmx.ashx/GetDataStructure/ABS_CENSUS2011_T24
TRUE,Household,,Total Household Income,by Rent (weekly),ABS_CENSUS2011_T24_LGA,LGA,TRUE,,,AGE,,T,,,,,,,,http://stat.data.abs.gov.au/sdmx-json/dataflow/ABS_CENSUS2011_T24_LGA,,http://stat.data.abs.gov.au/restsdmx/sdmx.ashx/GetDataStructure/ABS_CENSUS2011_T24_LGA
TRUE,Family,,Family Composition,by Mortgage Repayment,ABS_CENSUS2011_T25,SAx,TRUE,,,AGE,,T,,,,,,,,http://stat.data.abs.gov.au/sdmx-json/dataflow/ABS_CENSUS2011_T25,,http://stat.data.abs.gov.au/restsdmx/sdmx.ashx/GetDataStructure/ABS_CENSUS2011_T25
TRUE,Family,,Family Composition,by Mortgage Repayment,ABS_CENSUS2011_T25_LGA,LGA,TRUE,,,AGE,,T,,,,,,,,http://stat.data.abs.gov.au/sdmx-json/dataflow/ABS_CENSUS2011_T25_LGA,,http://stat.data.abs.gov.au/restsdmx/sdmx.ashx/GetDataStructure/ABS_CENSUS2011_T25_LGA
TRUE,Family,,Family Composition,by Income Comparison for Parents/Partners,ABS_CENSUS2011_T26,SAx,TRUE,,,AGE,,T,,,,,,,,http://stat.data.abs.gov.au/sdmx-json/dataflow/ABS_CENSUS2011_T26,,http://stat.data.abs.gov.au/restsdmx/sdmx.ashx/GetDataStructure/ABS_CENSUS2011_T26
TRUE,Family,,Family Composition,by Income Comparison for Parents/Partners,ABS_CENSUS2011_T26_LGA,LGA,TRUE,,,AGE,,T,,,,,,,,http://stat.data.abs.gov.au/sdmx-json/dataflow/ABS_CENSUS2011_T26_LGA,,http://stat.data.abs.gov.au/restsdmx/sdmx.ashx/GetDataStructure/ABS_CENSUS2011_T26_LGA
TRUE,Family,,Family Composition and Social Marital Status,by Number of Dependent Children,ABS_CENSUS2011_T27,SAx,TRUE,,,AGE,,T,,,,,,,,http://stat.data.abs.gov.au/sdmx-json/dataflow/ABS_CENSUS2011_T27,,http://stat.data.abs.gov.au/restsdmx/sdmx.ashx/GetDataStructure/ABS_CENSUS2011_T27
TRUE,Family,,Family Composition and Social Marital Status,by Number of Dependent Children,ABS_CENSUS2011_T27_LGA,LGA,TRUE,,,AGE,,T,,,,,,,,http://stat.data.abs.gov.au/sdmx-json/dataflow/ABS_CENSUS2011_T27_LGA,,http://stat.data.abs.gov.au/restsdmx/sdmx.ashx/GetDataStructure/ABS_CENSUS2011_T27_LGA
TRUE,To be classified (not working yet),,"Selected Labour Force, Education and Migration Characteristics",,ABS_CENSUS2011_T28,SAx,TRUE,,MEASURE,AGE,,T,,,,,,,,http://stat.data.abs.gov.au/sdmx-json/dataflow/ABS_CENSUS2011_T28,,http://stat.data.abs.gov.au/restsdmx/sdmx.ashx/GetDataStructure/ABS_CENSUS2011_T28
TRUE,To be classified (not working yet),,"Selected Labour Force, Education and Migration Characteristics",,ABS_CENSUS2011_T28_LGA,LGA,TRUE,,MEASURE,AGE,,T,,,,,,,,http://stat.data.abs.gov.au/sdmx-json/dataflow/ABS_CENSUS2011_T28_LGA,,http://stat.data.abs.gov.au/restsdmx/sdmx.ashx/GetDataStructure/ABS_CENSUS2011_T28_LGA
TRUE,To be classified (not working yet),,Family Composition and Labour Force Status of Parent(s)/Partners,by Total Family Income,ABS_CENSUS2011_T29,SAx,TRUE,,,AGE,,T,,,,,,,,http://stat.data.abs.gov.au/sdmx-json/dataflow/ABS_CENSUS2011_T29,,http://stat.data.abs.gov.au/restsdmx/sdmx.ashx/GetDataStructure/ABS_CENSUS2011_T29
TRUE,To be classified (not working yet),,Family Composition and Labour Force Status of Parent(s)/Partners,by Total Family Income (weekly),ABS_CENSUS2011_T29_LGA,LGA,TRUE,,,AGE,,T,,,,,,,,http://stat.data.abs.gov.au/sdmx-json/dataflow/ABS_CENSUS2011_T29_LGA,,http://stat.data.abs.gov.au/restsdmx/sdmx.ashx/GetDataStructure/ABS_CENSUS2011_T29_LGA
TRUE,Person,Education,Non-School Qualification: Level of Education,by Age by Sex,ABS_CENSUS2011_T30,SAx,TRUE,,MEASURE,AGE,,T,,,,,,,,http://stat.data.abs.gov.au/sdmx-json/dataflow/ABS_CENSUS2011_T30,,http://stat.data.abs.gov.au/restsdmx/sdmx.ashx/GetDataStructure/ABS_CENSUS2011_T30
TRUE,Person,Education,Non-School Qualification: Level of Education,by Age by Sex,ABS_CENSUS2011_T30_LGA,LGA,TRUE,,MEASURE,AGE,,T,,,,,,,,http://stat.data.abs.gov.au/sdmx-json/dataflow/ABS_CENSUS2011_T30_LGA,,http://stat.data.abs.gov.au/restsdmx/sdmx.ashx/GetDataStructure/ABS_CENSUS2011_T30_LGA
TRUE,Person,Education,Non-School Qualification: Field of Study,by Age by Sex,ABS_CENSUS2011_T31,SAx,TRUE,,MEASURE,AGE,,T,,,,,,,,http://stat.data.abs.gov.au/sdmx-json/dataflow/ABS_CENSUS2011_T31,,http://stat.data.abs.gov.au/restsdmx/sdmx.ashx/GetDataStructure/ABS_CENSUS2011_T31
TRUE,Person,Education,Non-School Qualification: Field of Study,by Age by Sex,ABS_CENSUS2011_T31_LGA,LGA,TRUE,,MEASURE,AGE,,T,,,,,,,,http://stat.data.abs.gov.au/sdmx-json/dataflow/ABS_CENSUS2011_T31_LGA,,http://stat.data.abs.gov.au/restsdmx/sdmx.ashx/GetDataStructure/ABS_CENSUS2011_T31_LGA
TRUE,Occupation,,Labour Force Status,by Age by Sex,ABS_CENSUS2011_T32,SAx,TRUE,,MEASURE,AGE,,T,,,,,,,,http://stat.data.abs.gov.au/sdmx-json/dataflow/ABS_CENSUS2011_T32,,http://stat.data.abs.gov.au/restsdmx/sdmx.ashx/GetDataStructure/ABS_CENSUS2011_T32
TRUE,Occupation,,Labour Force Status,by Age by Sex,ABS_CENSUS2011_T32_LGA,LGA,TRUE,,MEASURE,AGE,,T,,,,,,,,http://stat.data.abs.gov.au/sdmx-json/dataflow/ABS_CENSUS2011_T32_LGA,,http://stat.data.abs.gov.au/restsdmx/sdmx.ashx/GetDataStructure/ABS_CENSUS2011_T32_LGA
TRUE,Occupation,,Industry of Employment,by Sex,ABS_CENSUS2011_T33,SAx,TRUE,,MEASURE,AGE,,T,,,,,,,,http://stat.data.abs.gov.au/sdmx-json/dataflow/ABS_CENSUS2011_T33,,http://stat.data.abs.gov.au/restsdmx/sdmx.ashx/GetDataStructure/ABS_CENSUS2011_T33
TRUE,Occupation,,Industry of Employment,by Sex,ABS_CENSUS2011_T33_LGA,LGA,TRUE,,MEASURE,AGE,,T,,,,,,,,http://stat.data.abs.gov.au/sdmx-json/dataflow/ABS_CENSUS2011_T33_LGA,,http://stat.data.abs.gov.au/restsdmx/sdmx.ashx/GetDataStructure/ABS_CENSUS2011_T33_LGA
TRUE,Occupation,,Occupation,by Sex,ABS_CENSUS2011_T34,SAx,TRUE,,MEASURE,AGE,,T,,,,,,,,http://stat.data.abs.gov.au/sdmx-json/dataflow/ABS_CENSUS2011_T34,,http://stat.data.abs.gov.au/restsdmx/sdmx.ashx/GetDataStructure/ABS_CENSUS2011_T34
TRUE,Occupation,,Occupation,by Sex,ABS_CENSUS2011_T34_LGA,LGA,TRUE,,MEASURE,AGE,,T,,,,,,,,http://stat.data.abs.gov.au/sdmx-json/dataflow/ABS_CENSUS2011_T34_LGA,,http://stat.data.abs.gov.au/restsdmx/sdmx.ashx/GetDataStructure/ABS_CENSUS2011_T34_LGA